hash,threat_name
8b9c7d2554fe315199fae656448dc193accbec162d4afff3f204ce2346507a8a,noberus
bcd8e6029626014bc706e3b8234a59e6d660d7553f8eaea8a17ec6ddc5042161,noberus
912342f1c840a42f6b74132f8a7c4ffe7d40fb77,HermeticWiper
61b25d11392172e587d8da3045812a66c3385451,HermeticWiper
a952e288a1ead66490b3275a807f52e5,HermeticWiper
231b3385ac17e41c5bb1b1fcb59599c4,HermeticWiper
095a1678021b034903c85dd5acb447ad,HermeticWiper
eb845b7a16ed82bd248e395d9852f467,HermeticWiper
1bc44eef75779e3ca1eefb8ff5a64807dbc942b1e4a2672d77b9f6928d292591,HermeticWiper
0385eeab00e946a302b24a91dea4187c1210597b8e17cd9e2230450f5ece21da,HermeticWiper
a64c3e0522fad787b95bfb6a30c3aed1b5786e69e88e023c062ec7e5cebf4d3e,HermeticWiper
4dc13bb83a16d4ff9865a51b3e4d24112327c526c1392e14d56f20d6f4eaf382,HermeticWiper
ac541ed91eaa6d33800303dd249ff1b1fd13bbb712b580a0162f40c7c0681deb,noberus
6e621d5a351335353dbcb0ee5ddd262f99a26222ad8fe052f883855da96a91e1,noberus
68bd16bf482508c852205236fabc9324bfcd57ee7c98c9ccd38bc2dc7d904627,noberus
d5e005e569a694b4d67ec70a6842855359528cd123a549e3b2c3cfe01492231e,noberus
48ebed950707acb53b20dc0c011e08b0cf5684435898d351331beb6081a22eba,noberus
3add6a80eae5e7e5b99c8200a11fffae3c8d46b07b19d70383d5564499502828,noberus
62057fe6d5c4d829671d349665f5da9332bb2eee242fdcf57447aeb640673694,noberus
2132cf4d2de9df7a1f82ad82f3f2738e1b2f9d1562a08d6f12e61390f87ce11e,noberus
9f71ee206a31b96e8dfc38d521f565bc188174c47f3f32fd1a592939a956d1a7,noberus
fc56dafd26d5501a7b4c681f6f0dd0e4a4370afb76c59dcb2a4c6851fad8574f,noberus
80149b9e13c8f5818b6faefb58cd2a308f21e12cfc394a5347e166a27776398b,noberus
a5a6707ca337dfb13ee623308d5c1fcf74f67121d36c2b6ea8aadccff08becd2,noberus
04241caeefc2fe3db9bfe930e7826569562186f9e5b900126cf35b17bc05cc9a,noberus
ac541ed91eaa6d33800303dd249ff1b1fd13bbb712b580a0162f40c7c0681deb,noberus
d01e2c2e8df92edeb8298c55211bc4b6,CyclopsBlink
3adf9a59743bc5d8399f67cab5eb2daf28b9b863,CyclopsBlink
50df5734dd0c6c5983c21278f119527f9fdf6ef1d7e808a29754ebc5253e9a86,CyclopsBlink
bbb76de7654337fb6c2e851d106cebc7,CyclopsBlink
c59bc17659daca1b1ce65b6af077f86a648ad8a8,CyclopsBlink
c082a9117294fa4880d75a2625cf80f63c8bb159b54a7151553969541ac35862,CyclopsBlink
3c9d46dc4e664e20f1a7256e14a33766,CyclopsBlink
7d61c0dd0cd901221a9dff9df09bb90810754f10,CyclopsBlink
4e69bbb61329ace36fbe62f9fb6ca49c37e2e5a5293545c44d155641934e39d1,CyclopsBlink
3f22c0aeb1eec4350868368ea1cc798c,CyclopsBlink
438cd40caca70cafe5ca436b36ef7d3a6321e858,CyclopsBlink
ff17ccd8c96059461710711fcc8372cfea5f0f9eb566ceb6ab709ea871190dc6,CyclopsBlink
eae876886f19ba384f55778634a35a1d975414e83f22f6111e3e792f706301fe,conti
8fd7c81d43f8469246321a90b8d4f7f7fd72beb01105241536f9a058f4a7f990,conti
bd99cc0ed51fdd113368343b2ba4f2bb02ce12a3aa506f7f03d80e401ec75a6c,conti
37410f45bab40e0d5e8e2160b480d928c975fadbe423be884678b924d66871d2,conti
41896f40197a6160fcab046b5fc63a36d0805dbb1ca5a03af35b92b27d9a0eb5,conti
4b8da74ff9c7b664056d060eb1303a51e8ad1a3e947a5ff69efebc5d6a7f2027,conti
5e876b2c4bc1a3d6eb3f592e8dc5dd6fce804372ebd0ba89a9c0f71cad0ff877,conti
614d6fbaf64a4330fe7664292a60a2f0d6a77a66f6628e5bcc28cd50bf54d4fe,conti
7c903730ae87d0578f0085b0cc55b5b62f4d19eec16edb3ae0613a88371b4460,conti
a5d22b017d76494d62749b5ba72dd38a0b3a9c6405762f343f5cc7da801f5f45,conti
aa849693feb5f9fa82d8cf16a03d1b8b7e20ad2a4b74ba3b9c905c9d3c2946bb,conti
0231dd21b4a3745f56bed381c83282ca2ef32868d882cad96bd6a3ad1fd979bf,emotet
025a17ef49c4120a04e28adee11ee9edb3f778a236f5b830d02e8e170ade77f3,emotet
02b8c816847d377c9ae02bd5ff6fc4e5fc961040f1a2100c0f04c4967af60dc1,emotet
035d1bbfa0e50dd7909cae22e7bca0b8c0c83c76f3e45eb1234e503e26991b03,emotet
049ea76b8cdaf714be5d80a0c305ee4bbf68c064c6d0c4362cfc67cad8d5b342,emotet
04b9fdecc0673e48ecb7202a0a466d4778e2d17e9a3281a0be484a94d618b61f,emotet
058ce46ae5f5c10bffb38e4a21c8abeecd5c6832ef46fa34cabe23084fdd50f3,emotet
0709bf43716ab4e7ebd1cf4dabd29f6d12de4c88506ec7b8de0fd632fa3abbfc,emotet
07c0afb3081fc56a732da109c21948ac45fad937bdccd5c334c282428527dcbe,emotet
085b267b669becf7a0e709512aad2fa2d05672f5a93ad14d7faf722d40d490e6,emotet
08878386e0f0389ff4ad3d35f6952498480766d0f7f76e1d2b685803b40b8d64,emotet
08c123f8652d352d4293c427953468831a90eed78b515ca4a1a1e80fa95d5e41,emotet
08d798d72f5a326091efdc5c96177f5dc8bd6e326249e0eeb433629c1cf7c44e,emotet
08ef6290771baa34fdf30888c5c512b074f05c6b84565279c7cf6e7c5b5c700c,emotet
09d8c5a4b7ee44cb5dbb3a804a9e605841bc4ae11af8bfb1c630b9ae1cf1647f,emotet
0a0f6add154bb8f897b2b737b625ca63d3d369e8295203521b9805083573bd89,emotet
0ada8fc40f8d2874d7d4bd71bcd81e46eaf0cc939d735116de5246f2539d8c6f,emotet
0b30a837643a4f8ad7cdc0d5b4236efa1f058456c8170c2b5cb013fe7e437846,emotet
0bc7e9d3faaab4e6e2f8b824a6162b6e648c9efbe4340326a93e23f492682298,emotet
0c4346f2d1bd90c063c1784228c0e92f8a83c884767d9fa9720eb22e654b28d2,emotet
0c4ae52c641805c80b2b7449f25e418d1adcf5bf5e1a25c700a96caf6b501dce,emotet
0c71863434519905bf4565b839bd89661d7efd8cb3bf816ff5456b3e07268fd3,emotet
0d7435dbd0503fe34aab88fbc6cf03969f797b64ace394f395eb9b78a597e0ba,emotet
0dc0b08429d3bceff8f5ad45ea74fd6d58f9adbf54204808f4084ad42ffe9f4f,emotet
0ef56773e7246c7f75ffebfc7b46aa0bfcea6357a17256d7c1b4c421de8a7929,emotet
ece45c25d47ba362d542cd0427775e68396bbbd72fef39823826690b82216c69,deeppanda_log4shell
517c1baf108461c975e988f3e89d4e95a92a40bd1268cdac385951af791947ba,deeppanda_log4shell
a573a413cbb1694d985376788d42ab2b342e6ce94dd1599602b73f5cca695d8f,deeppanda_log4shell
9eeec764e77bec58d366c2efc3817ed56371e4b308e94ad04a6d6307f2e12eda,deeppanda_log4shell
d005a8cf301819a46ecbb1d1e5db0bf87951808d141ada5e13ffc4b68155a112,deeppanda_log4shell
69c69d71a7e334f8ef9d47e7b32d701a0ecd22ce79e0c11dabbc837c9e0fedc2,deeppanda_log4shell
dfd2409f2b0f403e82252b48a84ff4d7bc3ebc1392226a9a067adc4791a26ee7,deeppanda_log4shell
07c87d036ab5dca9947c20b7eb7d15c9434bb9f125ac564986b33f6c9204ab47,deeppanda_log4shell
c0a2a3708516a321ad2fd68400bef6a3b302af54d6533b5cce6c67b4e13b87d3,deeppanda_log4shell
f8b581393849be5fc4cea22a9ab6849295d9230a429822ceb4b8ee12b1d24683,deeppanda_log4shell
14930488158df5fca4cba80b1089f41dc296e19bebf41e2ff6e5b32770ac0f1e,deeppanda_log4shell
a9fa8e8609872cdcea241e3aab726b02b124c82de4c77ad3c3722d7c6b93b9b5,deeppanda_log4shell
e92d4e58dfae7c1aadeef42056d5e2e5002814ee3b9b5ab1a48229bf00f3ade6,deeppanda_log4shell
855449914f8ecd7371bf9e155f9a97969fee0655db5cf9418583e1d98f1adf14,deeppanda_log4shell
a5fd7e68970e79f1a5514630928fde1ef9f2da197a12a57049dece9c7451ed7b,deeppanda_log4shell
f5eb8949e39c8d3d70ff654a004bc8388eb0dd13ccb9d9958fd25aee47c1d3ae,deeppanda_log4shell
64255ff02e774588995b203d556c9fa9e2c22a978aec02ff7dea372983b47d38,deeppanda_log4shell
b598cb6ba7c99dcf6040f7073fe313e648db9dd2f6e71cba89790cc45c8c9026,deeppanda_log4shell
2d252c51a29f86032421df82524c6161c7a63876c4dc20faffa47929ec8a9d60,deeppanda_log4shell
2de6fb71c1d5ba0cd8d321546c04eaddddbf4a00ce4ef6ca6b7974a2a734a147,deeppanda_log4shell
bd5d730bd204abaddc8db55900f307ff62eaf71c0dc30cebad403f7ce2737b5c,deeppanda_log4shell
412464b25bf136c3780aff5a5a67d9390a0d6a6f852aea0957263fc41e266c8b,deeppanda_log4shell
0d096d983d013897dbe69f3dae54a5f2ada8090b886ab68b74aa18277de03052,deeppanda_log4shell
cfba16fa9aa7fdc7b744b2832ef65558d8d9934171f0d6e902e7a423d800b50f,deeppanda_log4shell
a71b3f06bf87b40b1559fa1d5a8cc3eab4217f317858bce823dd36302412dabc,deeppanda_log4shell
235044f58c801955ed496f8c84712fdb353fdd9b6fda91886262234bdb710614,deeppanda_log4shell
e1a51320c982179affb26f417fbbba7e259f819a2721ab9eb0f6d665b6ea1625,deeppanda_log4shell
d1be98177f8ae2c64659396277e7d5c8b7dba662867697feb35282149e3f3cbb,deeppanda_log4shell
ab3470a45ec0185ca1f31291f69282c4a188a46e,deeppanda_log4shell
10de515de5c970385cd946dfda334bc10a7b2d65,deeppanda_log4shell
eb231f08cce1de3e0b10b69d597b865a7ebac4b3,deeppanda_log4shell
66c3dfcb2cc0dfb60e40115e08fc293276e915c2536de9ed6a374481279b852b,deeppanda_log4shell
73640e8984ad5e5d9a1fd3eee39ccb4cc695c9e3f109b2479296d973a5a494b6,deeppanda_log4shell
7777bd2bdeff2fd34a745c350659ee24e330b01bcd2ee56d801d5fc2aceb858c,deeppanda_log4shell
8bf4e301538805b98bdf09fb73e3e370276a252d132e712eae143ab58899763e,deeppanda_log4shell
18b2e1c52d0245824a5bac2182de38efb3f82399b573063703c0a64252a5c949,deeppanda_log4shell
d5c1a2ca8d544bedb0d1523db8eeb33f0b065966f451604ff4715f600994bc47,deeppanda_log4shell
0939b68af0c8ee28ed66e2d4f7ee6352c06bda336ccc43775fb6be31541c6057,deeppanda_log4shell
0595a719e7ffa77f17ac254134dba2c3e47d8c9c3968cda69c59c6b021421645,deeppanda_log4shell
7782fdc84772c6c5c505098707ced6a17e74311fd5c2e2622fbc629b4df1d798,deeppanda_log4shell
18751e47648e0713345552d47752209cbae50fac07895fc7dd1363bbb089a10b,deeppanda_log4shell
e4e4ff9ee61a1d42dbc1ddf9b87223393c5fbb5d3a3b849b4ea7a1ddf8acd87b,deeppanda_log4shell
395dbe0f7f90f0ad55e8fb894d19a7cc75305a3d7c159ac6a0929921726069c1,deeppanda_log4shell
befc197bceb3bd14f44d86ff41967f4e4c6412604ec67de481a5e226f8be0b37,deeppanda_log4shell
1c617fd9dfc068454e94a778f2baec389f534ce0faf786c7e24db7e10093e4fb,deeppanda_log4shell
bde7b9832a8b2ed6d33eb33dae7c5222581a0163c1672d348b0444b516690f09,deeppanda_log4shell
8b88fe32bd38c3415115592cc028ddaa66dbf3fe024352f9bd16aed60fd5da3e,deeppanda_log4shell
ba763935528bdb0cc6d998747a17ae92783e5e8451a16569bc053379b1263385,deeppanda_log4shell
9908cb217080085e3467f5cedeef26a10aaa13a1b0c6ce2825a0c4912811d584,deeppanda_log4shell
c6bcde5e8185fa9317c17156405c9e2c1f1887d165f81e31e24976411af95722,deeppanda_log4shell
3403923f1a151466a81c2c7a1fda617b7fbb43b1b8b0325e26e30ed06b6eb936,deeppanda_log4shell
7b2c21eea03a370737d2fe7c108a3ed822be848cce07da2ddc66a30bc558af6b,pandora_ransomware
5b56c5d86347e164c6e571c86dbf5b1535eae6b979fede6ed66b01e79ea33b7b,pandora_ransomware
0c4a84b66832a08dccc42b478d9d5e1b,pandora_ransomware
160320b920a5ef22ac17b48146152ffbef60461f,pandora_ransomware
7e360e93a48e2bc25e412885d3aed601,Russia-Ukraine
b4ff3961cefcc5e151e319666bae6f5e,Russia-Ukraine
faa93d8745cbdd0742d0db28e8108e2a,Russia-Ukraine
063c9c215eaba21afbc6cf34751dd121a1d5635b,Russia-Ukraine
e1e985a90a116edea41d99b3e2a85a697f760d48,Russia-Ukraine
e8fb75eb0919aeee7c5f7bd749d17ca181824dd1,Russia-Ukraine
1a526fe7b74ec36ef2facd3588e12b6acbde9c205bd224f7a1d7c54153c2afec,Russia-Ukraine
2a934dccaefe47489084d9a667b77120c4241330e36ffc3230921814f023cdd0,Russia-Ukraine
71ef590b32ef90a021be7bafd074b7698ffefab7f935e371568bef5eb2543f19,Russia-Ukraine
025964a1bf4ae385de5c56835eca4033,Russia-Ukraine
199bf4a4cda2ed957a5efcfbfbf49af5,Russia-Ukraine
1a19659c1918dcc8aacad48f4ea484cc,Russia-Ukraine
2cee4f5e0252494ae3923c7f7b179cd5,Russia-Ukraine
36a5b9303d671f49e404791d53d1d96c,Russia-Ukraine
6030879d276d5add08b96dc923843fa8,Russia-Ukraine
814e7f7f32964cbf5ec91dbb56768da8,Russia-Ukraine
c476816858ba11425bb9ce4c39e323b5,Russia-Ukraine
e0c2acdffbb36d8c85abce52629dded4,Russia-Ukraine
ebedac22d41286ffba78439b94f1d131,Russia-Ukraine
f126deaee0a4958f2b8b5cacd5583617,Russia-Ukraine
2ca299848d57695b66ed8dbf81419b25a8222a2f,Russia-Ukraine
4061b8338e9e6598a48eca972a062feba3c44e7b,Russia-Ukraine
57a50b1079d4c1f0209e7dfc552ee1c3cfa33e47,Russia-Ukraine
84d33539013ca2257af5c059b1ac99ac1ef8825b,Russia-Ukraine
be5af1cfa10cee0f20bc725f75cc05ff98278d11,Russia-Ukraine
0bade474b812222dbb9114125465f9dd558e6368f155a6cd20ca352ddd20549e,Russia-Ukraine
99296550ab836f29ab7b45f18f1a1cb17a102bb81cad83561f615f3a707887d7,Russia-Ukraine
a14eac0df4199f55b2eea25dc30d6f34c2c7ba6a1973faa9121bfd5d9685f7f0,Russia-Ukraine
ac846e1b13e65a1f04135c0a865bf7140d8952796ded7981963f66428166f77a,Russia-Ukraine
c44c4d395ce2971c46c569568ba8a84779f5a564671e053943b7b002ba6b69ee,Russia-Ukraine
5b4deca6a14eb777fdd882a712006303,Russia-Ukraine
7e6a117ba018be2867329bc5a33e481d,Russia-Ukraine
986ce06308ca327e5c75877e5e15d6b8,Russia-Ukraine
9f33887a8e76c246753e71b896a904b3,Russia-Ukraine
afc2d797a39caf4765c0c24e1afb1967,Russia-Ukraine
bdfca142fc1408ab2028019775a95a8a,Russia-Ukraine
c52150ad226963a07cfc144d9cea73c7,Russia-Ukraine
e731e2f1a70b2dd13a4995f9c0106dc4,Russia-Ukraine
e9ad8fae2dd8f9d12e709af20d9aefad,Russia-Ukraine
19fa96a6d69146fceef3f3804cd978ec24adb3eb,Russia-Ukraine
5570baa3053ae3903af1caa09987c7cf248e5264,Russia-Ukraine
cdaf7fd3ee4ab81fae5f7f51d0a71bc32c08b96f,Russia-Ukraine
2e721087daafbfe9b7d5618dfcdaf23e04344f4f72b2c59e175196bada1cc687,Russia-Ukraine
65b208943d8cf82af902c39400bdd7a26fdbc94c23f9d4494cf0a2ca51233213,Russia-Ukraine
6734ae02e66924b3f071e7d8ea97d2482a2a2a5bac27b251f20d320b0d04a324,Russia-Ukraine
789992e24d118d7bd213593aa849449c624eb275e000bc406dab25035b99479b,Russia-Ukraine
84f016ece77ddd7d611ffc0cbb2ce24184aeee3a2fdbb9d44d0837bc533ba238,Russia-Ukraine
89594dbae3956eb2bf599e85cd761e89c9d189944b0ddc18cc3973f0fd41c466,Russia-Ukraine
8f7e3471c1bb2b264d1b8f298e7b7648dac84ffd8fb2125f3b2566353128e127,Russia-Ukraine
ac1d19c5942946f9eee6bc748dee032b97eb3ec3e4bb64fead3e5ac101fb1bc8,Russia-Ukraine
de7bcc556dde40d347b003d891f36c2a733131593ce2b9382f0bd9ade123d54a,Russia-Ukraine
4858BC02452A266EA3E1A0DD84A31FA050134FB8,Botnet_Zloader
BEAB91A74563DF8049A894D5A2542DD8843553C2,Botnet_Zloader
462E242EF2E6BAD389DAB845C68DD41493F91C89,Botnet_Zloader
30D8BA32DAF9E18E9E3CE564FC117A2FAF738405,Botnet_Zloader
BD989516F902C0B4AFF7BCF32DB511452355D7C5,Botnet_Zloader
E7D7BE1F1FE04F6708EFB8F0F258471D856F8F8F,Botnet_Zloader
5AA2F377C73A0E73E7E81A606CA35BC07331EF51,Botnet_Zloader
23D38E876772A4E28F1B8B6AAF03E18C7CFE5757,Botnet_Zloader
9D3E6B2F91547D891F0716004358A8952479C14D,Botnet_Zloader
33FD41E6FD2CCF3DFB0FCB90EB7F27E5EAB2A0B3,Botnet_Zloader
5A4E5EE60CB674B2BFCD583EE3641D7825D78221,Botnet_Zloader
3A80A49EFAAC5D839400E4FB8F803243FB39A513,Botnet_Zloader
F3B3CF03801527C24F9059F475A9D87E5392DAE9,Botnet_Zloader
A187D9C0B4BDB4D0B5C1D2BDBCB65090DCEE5D8C,Botnet_Zloader
F4879EB2C159C4E73139D1AC5D5C8862AF8F1719,Botnet_Zloader
E4274681989347FABB22050A5AD14FE66FFDC000,Botnet_Zloader
FA1DB6808D4B4D58DE6F7798A807DD4BEA5B9BF7,Botnet_Zloader
23f1d1488d4b6b072f1fe3504723dae0,Russia-Ukraine
684289bf351c44dc953528df2ffef87c,Russia-Ukraine
83796fd40aa9446c00d898dbd22fcd56,Russia-Ukraine
c1133122422cad249fc0b6d824ffeb06,Russia-Ukraine
e102dd2a53e435be3b5cb44aaf810a93,Russia-Ukraine
fb7a1d64a3a58302f7c4700aad3e40bb,Russia-Ukraine
04a4795a102c7cc4b9eeed7d6fe12711a1176741,Russia-Ukraine
34bd51533865fe03756e7dc00f21e1d5f477db6f,Russia-Ukraine
4cca8cdcb351b80cbe979eb56bab1823928be4bf,Russia-Ukraine
96bde83f4d3f29fb2801cd357c1abea827487e37,Russia-Ukraine
ab13c0eaba8db274c9e9d9a74c4d82454f0eb3d7,Russia-Ukraine
ce6e8eb73b5204c0162af5af2b71ac2f8ed64b99,Russia-Ukraine
df9128eb022b80bb078d48ecaac28e1327b2f586,Russia-Ukraine
ec10f523d0c96cd4fa8ebec9251b7e6dcab9adde,Russia-Ukraine
0ca1d82653e91144890ac93e172224d99808ac2df995711f1939a7df6775c88b,Russia-Ukraine
22fb7e4ac5be03cd3bbc962313d0e2470acc96b7c60b84ae57a5966192e8b036,Russia-Ukraine
3dcf2a5e725b4bf794505698566a17cd54e142996fb76cf10c4c17b00dff1707,Russia-Ukraine
6f0ddfe6b68ea68b5e450e30b131137b6f01c60cc8383f3c48bea0c8acb6ef1c,Russia-Ukraine
9990fe0d8aac0b4a6040d5979afd822c2212d9aec2b90e5d10c0b15dee8d61b1,Russia-Ukraine
c9ee88150311891892c813cfbe143283f97e0bf3cd72749719114f3ac7329186,Russia-Ukraine
cc19333d67022727a01821e0d6cb5c5f0d93e5ff808befc4f20064f9cf9471ee,Russia-Ukraine
d1977b67ba6a3dfd54a3676ff395aaeaac76e16412bfb5036c470a1213e713d7,Russia-Ukraine
df58100f881e2bfa694e00dd06bdb326b272a51ff9b75114819498a26bf6504c,Russia-Ukraine
ea9dae45f81fe3527c62ad7b84b03d19629014b1a0e346b6aa933e52b0929d8a,Russia-Ukraine
3e97f09fc53890ba2d5ae2539b5c8df372ed2506ed217d05ff2cf8899d15b8e6,emotet_maldoc
2ecc2a48fa4eadb80367f69799277c54a0fe6dd2220a6a2dd7b81cfba328ed19,emotet_maldoc
ed180371dfec2186148bbcab99102ce45fb1fcc3764b384c2abcaceba2fa65b6,emotet_maldoc
719900e330cecd87250ac1f6c31f2d6f42f226294fb011cf47c442f8d2b7455b,emotet_maldoc
3ccb809cd97cc08ff380600dcaa5244ef2abd7afd9e7a9f2df7c4e28fee637f0,emotet_maldoc
e167804a6f36dc99e96909bcededa8a733dd8633037b8b52e8d7881d20446c16,emotet_maldoc
bd9b8fe173935ad51f14abc16ed6a5bf6ee92ec4f45fd2ae1154dd2f727fb245,emotet_maldoc
57fcbb058fc0dfe0cce29676569f2e30d1f8a59345ab161d8183d0769428f4e2,emotet_maldoc
4900d1e66cef8507b265c0eec3ff94cb5f774847d969e044dc8ccd72334181f5,emotet_maldoc
2dcfcaaf3ccd8e06043e651cd5b761ae50f3463c6420d067b661969e0500dce2,emotet_maldoc
52f6fce27184b61ceb3c02d360e04dc1489c4136a0ffcbb39c50d27474e4283b,emotet_maldoc
ccbefa930edc4d5b5b34a5dea16c73c9d3f3b4167406c3ae841bc71fce45c68e,emotet_maldoc
cd105196cbf17f11dbff2b623f5bfaf9ef8d91f2598fe3bc2a7da192c2cee457,emotet_maldoc
9535c3f02ee8a47ad1392f36a1ff44a3d5cb067ecef748e63e1628bc489c9d90,emotet_maldoc
ca2b7c0f2a2a42ce586d63ccfcf131f8b99d73521742cc15d6255e76f9278fbc,emotet_maldoc
d5f4292d4f5661ce12dd8384cfbb22a3d17908290ba80d9de3a1697064d248a7,emotet_maldoc
72b183fbdc98a095b9a752a6eda09543,emotet_april
73b22d37bca6a2a940986b05d83a1f8c,emotet_april
74c804e92dfc26c9a36a77d05003786e,emotet_april
75d993bbd6f20b5294c89ae5125c3451,emotet_april
76222933888757a915007c6bf4195b34,emotet_april
76f848289a2876e6cdc9ae6b82acea37,emotet_april
7b67f5c27df1ba2fb4a2843a9a24268b,emotet_april
7d8d6338cf47b62524b746ef9530b07f,emotet_april
7de652aa1aacb0f420f19414b249272e,emotet_april
7df58505c5ee764d63106aba714c0ac6,emotet_april
7ea0ca18842cf48d96cabb5c6ffaac8a,emotet_april
81def0831f986665041e8d6b0a6d6851,emotet_april
8264b890a1ffa705f8fab8ec70aeb949,emotet_april
84c8ca047767e599a22d59888c43c25f,emotet_april
866626636c2792e06ec5c4f36eb9bcc8,emotet_april
86dbd6d9376cec15f624685e1349dd86,emotet_april
870ed02715a64968b47e5cfe79486c3d,emotet_april
88a4dc9329e07fe4ee885171ef00796a,emotet_april
8937691e147ae1236b539de6303f0ca5,emotet_april
8a7da1dc56082a761d2fae67bff43174,emotet_april
8c95ea7276b5d60e18a370d9f5d7bb7f,emotet_april
9483b51790158f0aa2de699c2eb01cf1,emotet_april
9725911b9b3796f8a4c6c7cc07f800a5,emotet_april
9797a358c933cbfc6de234b1a457fdde,emotet_april
98e0400be0bfc95346e91f2315a3357b,emotet_april
9a1d9a2f98e9a5b04d0c48bd7bd6623f,emotet_april
9ab4c46c1a5e8b584bef8f082814f704,emotet_april
9b17d1cb0e31e7e8fe25615149f924a2,emotet_april
9ba42429a1320cd15fff7632817ed004,emotet_april
9c190e595afdd9b76e68dd6ad1716d88,emotet_april
9f33a35a0e697b91638de2cb3a77bb83,emotet_april
a2c1122bd206139857ce0175cbcadbd9,emotet_april
a360a7f0b7c026d862f937e13b57f1e5,emotet_april
a46c6f4980b892ffd445bb580a2fdc61,emotet_april
a4e45d28631ea2dd178f314f1362f213,emotet_april
a5258a9236c7fd144160ebbea5b5ff7b,emotet_april
a6111575b80ddd73d553781a6a780fe9,emotet_april
a6816426d1108fa93da2b2337e82119a,emotet_april
a76701287c26d386a8f5ec200dd03ff2,emotet_april
ac664772dc648e84aa3bec4de0c50c6c,emotet_april
b37002f3ac40a6ca21dfb0844548aa09,emotet_april
b393817f0c7f3313c92595dfc7e5cb28,emotet_april
b408dfb18c97cdc73f80c88dd0648cef,emotet_april
b58e53c6120c2f33749c4f3f31d2713d,emotet_april
be9474d3b1a13ec2ff36f8c930113fe5,emotet_april
bfc3995ae78a66b857863ad032a311ae,emotet_april
c408c2b483e3e308e6ecc03208b543d0,emotet_april
c86628469810b09397c728271b7b0077,emotet_april
ca16cce68abd5ba9aa7eca6c4a2406f2,emotet_april
cbfd11a0521f024dbdfec5b994c99ea7,emotet_april
cc81d4491bfb3913a11375f2df58932f,emotet_april
ccee3d4a72733e7329fff109522e5d3f,emotet_april
d1a20f6df5dbbfe754022854c9ee0fd9,emotet_april
d1a288f0ec71789621d1f6cce42973c8,emotet_april
d1f00a08ecedd4aed664f5a0fb74f387,emotet_april
d29e5791840a6d68aa9d62fb9df30c0a,emotet_april
d2b90fa83209f7ca05d743c037f1f78c,emotet_april
d7d1b0f573a600badaaf3b5ef0f62ddd,emotet_april
de6e5849742f5b69af8ed50191cbd0b7,emotet_april
e0c70a79b9c6f889e045109a6130d099,emotet_april
e2e8813cbd75e316742489b35b7ac635,emotet_april
e37121822e035316e6a102997d9b79f2,emotet_april
e3ba32754584b12786bc842a0555c74d,emotet_april
e5afe154d63a793ebba9be93e13f62a6,emotet_april
e82abc3b442ca4828d84ebaa3f070246,emotet_april
e8840ce13dac2fc743a9eed99633e97c,emotet_april
e896bef25819be294d93856f29b21606,emotet_april
ebce3b10d485d4fde09166282e9c18cf,emotet_april
f00a7a1ef719f6ee45fddc42b8e0e71a,emotet_april
f12d0eec899b636e0671b3b1afa8f419,emotet_april
f139a413a37a45803410fbe8f85ca8eb,emotet_april
f2cd5576ab917f2e24fa6d09961a447f,emotet_april
f3694c914af7e627fe2cb3c09d6f684a,emotet_april
f9b88463261a471e2ba8dd5a375444c9,emotet_april
fa15b97a6bb4d34e84dfb060b7114a5d,emotet_april
fb92c86a07261f0485c998ead6466985,emotet_april
fee8b8364d4e51b81bc2588310e1aee8,emotet_april
ff942b936242769123c61b5b76a4c7ad,emotet_april
1e6d771a94ae9a088a8a9dc8f13aafc5e10b0c73,emotet_april
442a9610159667b859d71fe00ec914fb5ee36172,emotet_april
57dced0d991d252c2b9798671f214f7577c0bed7,emotet_april
65bd89a19283987f044be9481892c610b7523057,emotet_april
6aafb775a20f018771dd7a9a3491a7d24d5d55c5,emotet_april
77bde2b94f6a30be930371e81a27ddb297c46c5e,emotet_april
8548173b1d3bf160ab2f72f737795bd61f46c6c2,emotet_april
905d2a98c82ed7e3282ce427496a756bb046f6ef,emotet_april
ae542b3b199f0cdaa064488941d0241d6562b4df,emotet_april
b3e411cbb58b2175327bc303201728f45cb2b462,emotet_april
bbe0babe8682874b72126aa3978b7a38906403ae,emotet_april
d267a4f2aae10824b029e52fa625f12163f5ce41,emotet_april
dd43238a93d85da2ad6d1e4af57bccc1c837ad2d,emotet_april
e6065c15b6c0170d1d0a22f6b975bb2443c9c173,emotet_april
fd0ca7e15be33e44217f09e5c8617fb99e853218,emotet_april
11c725a1b42b18bf76b7e3d585eb00bedef28dba4b35e13111b6b5b559d00d82,emotet_april
20026ee7e955931fc5fc44c8a608f9dfe21e44e029b282d3c80bbea3e381bdc3,emotet_april
2516525ce1df9db108d86a36fefd3d98e45ff831d47b12064b687d1198968406,emotet_april
3903abb689588b9f3b25ef058538652c9c03aec7ec0c4a06c88b8cd271bfa6ad,emotet_april
6bdac750fd1885696ffaf5dd38806c8f7bff2c8bc706421c9b4f0c2b0a9d8520,emotet_april
9961fe48bb7ef789afe8193482bbc39241ff6fa005b4b00146f233fad7be72e5,emotet_april
a0f4813e8bfd1ec7850dd61f39be5e62c98a1fdd71e98d29e3d19a534096394d,emotet_april
aaf7d4c5b41878a34d8c0439c9cf1f95dec98cc6be4b6723506813fbc439b432,emotet_april
b9a6c34d896e0322fd523dcc9da7290c18266c55b0d0f78c6fee7b046dbca924,emotet_april
bfe95b17c9da49a20da5b5b3f9b0c83ef4c6c03e143215d0b2f6a626fd7e3daa,emotet_april
c46ff8a85ba49067aa64cab183e4ad765a7c90497d0abfe393c2de7f968b6915,emotet_april
c7480dfe7bf64bea19d43f623793a40880b084c2564f27693b22da87a72e796e,emotet_april
d9d4ae5e5afd2b161961916a01198679a076cd6cbb63d3fa1aa5e7b18514e4ef,emotet_april
ddac6350c788c407c7bfd6207471c3f0157bad12c1e525af293ee537ed49c3e5,emotet_april
fd656a657cc92f3015b96b89d170a9e9dbb55e9b689fbefd4a0a0304be47cd0b,emotet_april
65a3dfcf0e2b666b401dc6284fd743edaffb50ef919f4e46bfa58792aaebe494,emotet_april
5b13fb5957b84ef7bb9d0b6cd509c947ff6a37d67efdac2b896ddd3b908aad10,emotet_april
6bdac750fd1885696ffaf5dd38806c8f7bff2c8bc706421c9b4f0c2b0a9d8520,emotet_april
01d8305b91524d83ccf2c26c1b3b7f1f,mustang_panda
030265a85b5c84a2263e9aae8562b86a,mustang_panda
0ed497a020ba9ca230e378f339b82f07,mustang_panda
1072897b03d0566af54edb0f3826b834,mustang_panda
13e51c336fe50f8cbc80a7fe06a3e788,mustang_panda
1d281c5353d1b12afb9c4a4ae61e5675,mustang_panda
257813d292c494797a957f0992ba1405,mustang_panda
25a14e50486c738bc92da69c02063e23,mustang_panda
2d79767e4f6118afb9e86351be178b6d,mustang_panda
332a4f864b1f7b1e166edb5d9b47e119,mustang_panda
34085fa3adebf09faac315540db16cb4,mustang_panda
34161eea2f66156969291d6ec53717c8,mustang_panda
363f07437cfa756ba2bcaa59e9da9416,mustang_panda
377956881a132dbb70c6f0dcf07b7d47,mustang_panda
37d1df5648c2e499b23b4228743f0318,mustang_panda
385a4ca1da76ca4cbbbed6e0ef659f1a,mustang_panda
3c6173d8693510f6363b608c09feebb1,mustang_panda
3c99e3522923b6ec94093e04b7e13fa5,mustang_panda
3f4e55daf8722d0656b3f7b9bdd4c22d,mustang_panda
43529e54971a2302ae736c40f39d65df,mustang_panda
4a9b98832ba5c2b74f80dadd16b8a079,mustang_panda
4b07e341a2bf00479dda19b18ca41362,mustang_panda
4efd3d2f09f17dae19f1d5b967ec9949,mustang_panda
50b3fb6a2cf209d4bcbea0546e82f58f,mustang_panda
530ed2cbfc57b9e6ae6c3fb3a1ecde9e,mustang_panda
56f27cd9e8556e9c61fb60e6041e8c9d,mustang_panda
5959d00e2d7b57e1e5885750c0900946,mustang_panda
6459baafa8ad9d4bd6b360d3a423f921,mustang_panda
697d783f4dfb937c82250fac4efed274,mustang_panda
69ab42012ddce428c73940dcf343910e,mustang_panda
6be83a1652c6b3dfb8663aebec3515c7,mustang_panda
6ca3439153577503fd71f7039a0045ab,mustang_panda
6cda632104ed1cfb1d03e2bbdb3e443c,mustang_panda
6f580dc7648e7f9c025317f5ad096f3f,mustang_panda
706e0f37a49e013b9fc73a5c05fc861a,mustang_panda
72dd4b3337e0c9a70cf772e2b21f87b9,mustang_panda
7b2f41b57b9ab4151eb37ed69db9fdf8,mustang_panda
89631ca603d9943c110fcf2c7fba0f6f,mustang_panda
91440c1865391355b56dd7cc3edf89e8,mustang_panda
a5e391d64d5771c1150bbafaa4fba173,mustang_panda
b0a7b7a1cb4bf9a1de7f4b1af46ed956,mustang_panda
b2a22ff19524a849dec35dc75124be91,mustang_panda
bcb691cd4da90a87f8399e72baf164d9,mustang_panda
c03bc678d28b637327a757d7a35a2bcd,mustang_panda
c04c947efdfdd9ce24617903b6746a83,mustang_panda
c43de22826a424b2d24cf1b4b694ce07,mustang_panda
c5f4da8c703696e2fc034cbcc3da6336,mustang_panda
c70d8dce46b4551133ecc58aed84bf0e,mustang_panda
d3ee0db7e36a88b4b446a5baae8eddf9,mustang_panda
e0977e26e7b850e20fd94fefc79af65f,mustang_panda
e123c2f0822ec9e459f3ba16793c14a7,mustang_panda
e21e8f398c6d61ae8335664b1ad0444f,mustang_panda
e7904b4253f0b45fbe94a38b3946a621,mustang_panda
e87769ace15726fdd508c56f7cb04fcd,mustang_panda
e9101cee85038bb0f306ef83bc36523c,mustang_panda
eeb2121925451ecb3eb5d79f18ca17cb,mustang_panda
f7f2f299dd5019c67d9fddb18e5d3916,mustang_panda
00626346632fdfb2a1d5831793e92a3601ec4d9f,mustang_panda
04063c50d1400f2bd62833d33c3f567c3b796660,mustang_panda
04356f101a5f53f0eff7b1a6b24d1463074f142a,mustang_panda
0b83391363bc2c6fb261781423a9a611a5af0764,mustang_panda
0d5348b5c9a66c743615e819aef152fb5b0dab97,mustang_panda
13dd0945827cb1f5f8b929633f911eaa563577d3,mustang_panda
13ea93c06e3cb65ab7c5603de713d862a4956404,mustang_panda
22d80be7d7916763648a98a0afdb7c0c7e42b3d9,mustang_panda
2cf4bafe062d38faf4772a7d1067b80339c2ce82,mustang_panda
2f46a7ed5d7a303c0f25d5e4a18bcbf01ce9af26,mustang_panda
3526c49ca637ca2130699590e7bfd22b98c08673,mustang_panda
3c78af6efbe0f15b4ff55077152ba5e3675a4ff0,mustang_panda
3f69df382de737a7dee988f98ea35d0b44dc48eb,mustang_panda
41a28ee8546ffbe33f92b9589c05d09da10318b5,mustang_panda
43d646eda4166261eb1433c7599bf5cc9129a4f1,mustang_panda
477a1ce31353e8c26a8f4e02c1d378295b302c9e,mustang_panda
4a3749c33d235715a84ec4964e1d69d758645a82,mustang_panda
4a6edb973747bce4512f635a076cb47b1b934a83,mustang_panda
50e141b03bcd5b1f6d5d1d3956c42e188782c8dc,mustang_panda
55e57c6bc9f9db1556b6527f60d86edb603c2325,mustang_panda
58b6b5fd3f2bfd182622f547a93222a4afdf4e76,mustang_panda
5bd303ad5f604869909e707f1a450bbcf93befde,mustang_panda
5e294219b54bec8933c1d765ed5884b7b174ca35,mustang_panda
610f6ca6aa436fd0329d22a639ee2b4ad4ebe484,mustang_panda
62063e502a6a96994e46408bb6a04e5b86c18055,mustang_panda
682488c3fad02a93c2d0614f2b33eebe34c632b4,mustang_panda
698d1ade6defa07fb4e4c12a19ca309957fb9c40,mustang_panda
6d8e50c567f80372a6f82f1ae2fc2c1177c56d45,mustang_panda
6f20d6d12e793d69126359352ce34c09d4692f85,mustang_panda
70f066c77a080d0003fb3047a9e3731828d3b164,mustang_panda
7276989a740ea1d82bb94fb6d4d3ed921fa1177a,mustang_panda
74b269cdf488b09d06ac6b6e8c9c8e75254d642e,mustang_panda
74d918acc5838177614cf63f2e327bd2d8fa0cc5,mustang_panda
7e1fc00aece9b3d3df4fd44a6fec5fb77058abed,mustang_panda
8c0addc6b1761586b4d8830beb550c7aeb5e186b,mustang_panda
937975e3ea50c15476aef050295f4031f5fda2a4,mustang_panda
94988d605982dc2f10e422505eed6e38fb7093f4,mustang_panda
94f3cfffb2697397b9032f449a8db61747083d11,mustang_panda
a81f8f77d9a2681f1ad2290eb9ae85dd971af0be,mustang_panda
b72bedc3183fcb8dcdbfceb93065e253e5921a63,mustang_panda
b7f53ea5784e1e699d22b353d5ebb72c5f757e17,mustang_panda
b8c40fcec38711a1c0cd663b87c175f7509201ff,mustang_panda
b8cd43f605eab84838ed36943752c4ffc167f647,mustang_panda
b91ae855e9db2b1129eb3a0380fe86a49e04320c,mustang_panda
c046fba176f44d91c43a920ed35ac96470ecb67d,mustang_panda
c13d0d669365dfaff9c472e615a611e058ebf596,mustang_panda
c413fb3d6d69a5f4405c8c97e1af1955716e9623,mustang_panda
caff9e675dbf337badfdbd543d97c68cbf959610,mustang_panda
cd7f8684f6bfabbf733b724e00f5c8782613663c,mustang_panda
d10f139d4a0e4591968bd8518dd152debaf15638,mustang_panda
d27f2f75d222c6a85c8a88d76bd9a25aea076b82,mustang_panda
d4ec2dd90e1f2415f3dfe62d0a6627602c6ffee8,mustang_panda
db999a5ecf4e1c87fae10983f6d23b26069cbba1,mustang_panda
de4cdb61778a443cf4359e4cfc44e3b68eea16e9,mustang_panda
eb376b77cb6e2a6d89e3cc7368867c12bcc3317a,mustang_panda
ee57cab4bc7065dc8257be0f28c6ed465d5ce3b6,mustang_panda
f37c1a1d11fd5a90dc3a30edd752eb67f9917f01,mustang_panda
fa9ede75fc19abe4b4fc46d37e234926af8744b6,mustang_panda
017ef960616182daa1ffabc5d5470340cc45bbd5ab3455d74987a3ae478fa118,mustang_panda
02ec5c7a7ab17540164b4b499fa095e80113123b3ccba6dda59b5f7021b93e6b,mustang_panda
033786a482641aa901a28a3e3c314dbe86723906cea15147629167d8364907f7,mustang_panda
03c5f4cd4a0889f436cd1ac2634b2c76732ce7f280e294ab3a19e8c1e957f101,mustang_panda
0492124645a667b1ca39002aff4b696871f12f7f21ab0a75816aaeb53ed2f78b,mustang_panda
0b949d6e2078771ed65ce1b81ae9b5619d24317846a4e67bb9494975049bf728,mustang_panda
150525f4490f43877f1281aaaccc9bce78452d556326105fb77db6156095c883,mustang_panda
16dd94c228b5e2050d01edfe4849ca1388e9b3f811d39380f6ada3e75c69b353,mustang_panda
18230e0cd6083387d74a01bfc9d17ee23c6b6ea925954b3d3c448c0abfc86bd2,mustang_panda
19870dd4d8c6453d5bb6f3b2beccbbbe28c6f280b6a7ebf5e0785ec386170000,mustang_panda
1aafbe976c3559b61531910c75f9bb90176641f565f9810a18dcde9564241164,mustang_panda
1b520e4dea36830a94a0c4ff92568ff8a9f2fbe70a7cedc79e01cea5ba0145b0,mustang_panda
1d3e2eeaec0707e531593aa9aadaee0ee7757b67de43eae924fad122e86f60a0,mustang_panda
1d484ada6d7273ca26c5e695a38cb03f75dee458bcb0f61ea81a6c87d35a0fa0,mustang_panda
1d72fdb8257a6ec78367f2512ceb18be480860320986845943776959cb4d3dd0,mustang_panda
1e629fe7c8911a9adbde2e35af4f6f9e60ee538638c82edbcbd7cce5ad2ff4ab,mustang_panda
235752f22f1a21e18e0833fc26e1cdb4834a56ee53ec7acb8a402129329c0cdd,mustang_panda
24437d65bee4874fba99a2d57bf050ba719a69518160cebafbd8f7441368093a,mustang_panda
2aeef18abf22b233de5515a95cdca5aa3cbc6c21e8d2f83a68214e7272f9d947,mustang_panda
2bce6eb2839569ba077e24468259aa2678677275c632a0d276dcb14566cc6fcf,mustang_panda
2fc14451ef0ff0919995d46fedc7b7c7f9a9adbf9c40f6b36b480e637d581e6b,mustang_panda
2fd6e2ae0e4d78eef9d36376ac39768ec14e3bf8fe39c3ef6a347511b2cd55b1,mustang_panda
302ae30d464d6958510dcc463e3c3d8339e38bf6ff84de6cd84866303d34c8a5,mustang_panda
3407c5d054491ecf28ea10ec24e30e75915ba6fd3b2656955e94a89b67e0567e,mustang_panda
36afa5b3133667f2577687b3e83d7f6c009dd65864c20a408d860b3c6678df2a,mustang_panda
377d65bdbf2b323ef9b497b1d3e2f93521a9ce57d4f2d6c296b048ee1390173e,mustang_panda
39f9157e24fa47c400d4047c1f6d9b4dbfd067288cfe5f5c0cc2e8449548a6e8,mustang_panda
3a2aae4ad99f8aba7ff558c5b6ccee0366bcd8c69bc16eeb0aeb5f4f58340f0d,mustang_panda
3aa80dd8ffbc7b364234cdf0849b10bcead52004fc803a74afb1bd504d024305,mustang_panda
436d5bf9eba974a6e97f6f5159456c642e53213d7e4f8c75db5275b66fedd886,mustang_panda
4743ccff0b5dbc34027165e177143018b9ee9e3232496ca5d4fa5cd56b5646f6,mustang_panda
492fd69150d0cb6765e5201c144e26783b785242f4cf807d3425f8b8df060062,mustang_panda
4c727e21312355cd9a9f0e1e0bb8fc3379f487968a832d00ffde9d5a04b8da9d,mustang_panda
4cf38636b0fd129c5cbb4be9cd2c8f7f401529cf17ad6853ff83a2fe36ca533b,mustang_panda
4d01691573542e1676fc09102ac3120d0eec37b6791f32ec103eb0d0ee2581c1,mustang_panda
4f29180005f3c2e776d1854722270287111ec073ab80dfc1b4dc1bc0d9337ddf,mustang_panda
5009f65e7a8d84a9955d5adbdb86107b15304b1061bdaba5dd2ac2293dd8e6cb,mustang_panda
508d6dd6c45027e3cda3d93364980f32ffc34c684a424c769954d741cf0d40d0,mustang_panda
537ac2f79db06191222ba7ae7b7843f063600f87971b8dffc4a31459d6a144b1,mustang_panda
567fb0e6e6667ce1674cbdfd0ab26a8a3f68979256ef6680facf1d2d50a25dba,mustang_panda
5851043b2c040fb3dce45c23fb9f3e8aefff48e0438dec7141999062d46c592d,mustang_panda
5928048ed1d76df1ae4f3ede0e3da0b0006734f712a78036e6f4b6a78c05f0c6,mustang_panda
6019e6ee3dee2ec798667ccb34a2ab8d70bf5960d35f55157a9cb535b00b243f,mustang_panda
61a194cd413614e5ac91d648a87ff6b7e78d2130f54eff8a05c4c9608a7ac3aa,mustang_panda
668cc21387e01b87c438e778b3a08c964869ce2c7f22c59bcde6604112d77b2e,mustang_panda
67d6267e0ee81e00f97b25a892d10bd9eeb68179eb7e1b9236fcb01ec3f50beb,mustang_panda
6a5b0cfdaf402e94f892f66a0f53e347d427be4105ab22c1a9f259238c272b60,mustang_panda
6fd9d745faa77a58ac84a5a1ef360c7fc1e23b32d49ca9c3554a1edc4d761885,mustang_panda
706e53480da95b17d0f9f0f5dc37a50c7abc3f954ce15b4733fd964b03910627,mustang_panda
71d09abda31f0d7c7161cf6f371305023594bb3ef146aa9fbeab1f717885dd58,mustang_panda
76da9d0046fe76fc28b80c4c1062b17852264348fd873b7dd781f39491f911e0,mustang_panda
7ded20b7d2c0428641a6ac272c15b444b37bf833bbbea09dc931d649e6dc5277,mustang_panda
82df9817d0a8dca7491b0688397299943d9279e848cdc4a5446d3159d8d71e6f,mustang_panda
86678ad613b4d05a8ad3013323875daa91c69b64411603187dd2bcc595d97a8e,mustang_panda
887345540f1bf31c40755edcda2e3dd9fe640122fc9020f3873c895daa2378bf,mustang_panda
8a6da7e23267cadb1b8ec3996d662cbc71342f308ca6b65f545ce78612dfc9a7,mustang_panda
8a7fbafe9f3395272548e5aadeb1af07baeb65d7859e7a1560f580455d7b1fac,mustang_panda
8f07bd408838182a0328ea44156ad47dd5b6ccdcfbd53209717d555ed69adedc,mustang_panda
92f1e5424d53e3f4516d4c831afe3d64e88ed265ec143fb32717f2323836d61b,mustang_panda
930b7a798e3279b7460e30ce2f3a2deccbc252f3ca213cb022f5b7e6a25a0867,mustang_panda
94c5c12e03ce6694bdfb5053540f53942640e2aeea22f8ef7d4bc0066b594bca,mustang_panda
951b09c559fdc1c447f3dc63870b5244c2b715d728e1318a62db64bc17dcb85d,mustang_panda
962bf22710ff07977e3ddad66117094a2cf1c0aefca3d7ed4ba947c62ee36491,mustang_panda
98f139983882e443116863f795c1df50dae5ceb971075914dfee264dc1502a09,mustang_panda
9b7615b4c2c6ebdd283afb1dae4d951b7ef928939b98ffbe7dea49cc5c5eee02,mustang_panda
a07cece1fa9b3c813c0b6880b24a6494a9db83e138102da3bce30ebff51909c0,mustang_panda
a0e1a9d45ab7addf3762d3b872f6b21e8ce41a7ff290f5b8566a39d9ca51b09a,mustang_panda
a1a61052eac5fbe98f28ed6b3ed38a66d333aed3f14326bcd42d0fddcc18c519,mustang_panda
a265e0db5fe311dac60171e27011087bd64b467eb442986f343fe07410e8bf46,mustang_panda
a3e5473eb60e8dba6b97e626288b6742e141fa8a393ec7efeb7993449f84b14f,mustang_panda
a6057292247d928e6adcda5a48983d8702372ce195fc50ea4496f67c6ca57e26,mustang_panda
a81719f585a9f40e4304c6ceb2292826676c2d3f7342e88b21f41139743436aa,mustang_panda
aa8fb15d63bd22b2ff15a9f1b4f4422b3c6af026915168c81d7bb38c9be2ab78,mustang_panda
aa9a8f143cf61118c96a3bf226c77a05072ccbef15e990c65e0a118eccbb47e6,mustang_panda
acfd58369c0a7dbc866ad4ca9cb0fe69d017587af88297f1eaf62a9a8b1b74b4,mustang_panda
aec41c4f461cd08efe1390c8de513e54f766a5903c3c1f67ac4a9c93a3213c6b,mustang_panda
afa06df5a2c33dc0bdf80bbe09dade421b3e8b5990a56246e0d7053d5668d917,mustang_panda
b9adc1433ef7c6fee4d36f73b79744ad611d51a8e039d4c384dd453e33452d0f,mustang_panda
bb2990a1bbc417cfec40d5f1a6a8b22cac0ef21aed869dd8503e28573cf84401,mustang_panda
bee9c438aced1fb1ca7402ef8665ebe42cab6f5167204933eaa07b11d44641bb,mustang_panda
c26719156e644cee5e95133d31b30b80147494313e665d4243954435511f5c11,mustang_panda
c3d113bfc14a7148419d506e9bd8d44d897f3c71f8d81a63e3b2f4d843ad1c4c,mustang_panda
c5455b708c1a1afe61aa5cff80dff19f07972a5b047fd398536c8377dc68a19b,mustang_panda
c73c644aa671d76918b56f2ce0124a09156a521e293091b68e2763d2ed386e8f,mustang_panda
ca622bdc2b66f0825890d36ec09e6a64e631638fd1792d792cfa02048c27c69f,mustang_panda
cab5fa13c8239e97c15b04b27f9b70fb8b561d31935af7b0680bb80aec12c813,mustang_panda
ce59d8cf4b6eca3420438e05b059d6f61cc484e6fb00b1b2a7033bf36446e683,mustang_panda
ce86d647df2da33c5992c790ddc0d302b56af8a0d7b1433639c235ff03bf09ad,mustang_panda
cf7803d1546aab172d17345212cc4de9c2d98a9817c8f9c3770e64744e15e261,mustang_panda
d1f848a8477f171430b339acc4d0113660907705d85fa8ea4fbd9bf4ae20a116,mustang_panda
d7590ee95a46bc1ca7973a8f09efe23a5b00e54d6e65b95cb16acd17a0f127e8,mustang_panda
dbdbc7ede98fa17c36ea8f0516cc50b138fbe63af659feb69990cc88bf7df0ad,mustang_panda
df84d6c284dd39c2bfed6f8eb26149a4154396c27de50595ed5d80b428930dcd,mustang_panda
e0fc2cf31a0fd7f4bfa1ba453fd8f272784330de2ecba80104455252a931789b,mustang_panda
e1dbe58393268d7ddabd4bed0cdedf0fbba85d4c3ef1300580ed4c74e147aa61,mustang_panda
e2aff9d2f5e75bdc09712722d919f2261f638b0b4da878e405b86b927dcaf1e3,mustang_panda
e3dc7be52151828d3be43fa6016bc7c134230315f0f2d3f2fdeb852b494da357,mustang_panda
e3e3c28f7a96906e6c30f56e8e6b013e42b5113967d6fb054c32885501dfd1b7,mustang_panda
e4766d7e0c13f42cf1ce56efa07cee57889526f398efaae948ce487410d105f6,mustang_panda
e751834f0dcd0cb1411142761fcb940c7ac18e0b851c625ee0bca38db170a17a,mustang_panda
e92e49b7af397f6f41a225b8778c6812f78c87f4388f527e6efda0dbe2b49251,mustang_panda
ec32ff0c049bd8812a35aeaaaae1f66eaf0ce8aefce535d142862ae89435c2e2,mustang_panda
ec60594018da8717fa6b8d93fb919f08e7a8b07401fbce1abe7982c959f78424,mustang_panda
eef56bfc68959c6eaa66ab6abcaaf8fb54aa5b5a7da0866d97a1effeae0952b8,mustang_panda
ef3966d15af3665ee5126df394cefdf6f78fce77db7a70d5f35c19c234715035,mustang_panda
ef54e266f8fc9eb97d71c76f2a53b65bef83fe5fc270fbfe83463f83678ff44c,mustang_panda
effd63168fc7957baf609f7492cd82579459963f80fc6fc4d261fbc68877f5a1,mustang_panda
f76f1657205d7042fccfc811077bbada92c0fef735f158da35e7825da1cc6bec,mustang_panda
f80d84a3f951a1b62d92a5a2799b149ed0aaca292364f101c1273f135c811565,mustang_panda
f863dab6504fa3c4c9f7534d264d13db95ea96679689cb7e5d0460eed8f59a37,mustang_panda
fc8b2392b92860c7ca669d5274b65498ebd9c3992149cf6727d935c9d0fb48bb,mustang_panda
fcf4efa82d477c924d42cc6b71aa672ab2381ca256769925ae34dabe2e77e025,mustang_panda
ff1dcab09f24a4c314af3ee829f80127e5b54f5be2a13e812617f77d0deeef57,mustang_panda
ed073a9fda16510c18c2196ce0b14501a68cc96f65584d3b75ebe7193d33687e,mustang_panda
b63e94928da25e18caa1506305b9ca3dedc267e747dfa4710860e757d2cc8192,quantum_locker
1d64879bf7b1c7aea1d3c2c0171b31a329d026dc4e2f1c876d7ec7cae17bbc58,quantum_locker
511c1021fad76670d6d407139e5fef62b34ca9656fb735bd7d406728568fa280,quantum_locker
faf49653a0f057ed09a75c4dfc01e4d8e6fef203d0102a5947a73db80be0db1d,quantum_locker
0f3bb820adf6d3bba54988ef40d8188ae48b34b757277e86728bdb8441d01ea2,quantum_locker
0789a9c0a0d4f3422cb4e9b8e64f1ba92f7b88e2edfd14b7b9a7f5eee5135a4f,quantum_locker
8d30ab8260760e12a8990866eced1567ced257e0cb2fc9f7d2ea927806435208,quantum_locker
2c84b5162ef66c154c66fed1d14f348e5e0054dff486a63f0473165fdbee9b2e,quantum_locker
116e8c1d09627c0330987c36201100da2b93bf27560478be4043c1a834ad8913,quantum_locker
99a732c0512bc415668cc3a699128618f02bf154ff8641821c3207b999952533,quantum_locker
f72c47948a2cb2cd445135bc65c6bf5c0aaacc262ee9c04d1483781355cda976,quantum_locker
f8136eb39ee8638f9eb1acf49b1e10ce73e96583a885e4376d897ab255b39bd6,quantum_locker
79e25568a8aeec71d18adc07cdb87602bc2c6048e04daff1eb67e45f94887efc,quantum_locker
d44c065f04fe13bd51ba5469baa9077efb541d849ad298043739e08b7a90008f,quantum_locker
239d1c7cfd5b244b10c56abbf966f226e6a0cb91800e9c683ba427641e642f10,quantum_locker
7522b6de340a68881d11aa05e2c6770152e2d49ca5b830821ffce533fad948fd,quantum_locker
5bc00ad792d4ddac7d8568f98a717caff9d5ef389ed355a15b892cc10ab2887b,quantum_locker
34ca75a8c190f20b8a7596afeb255f2228cb2467bd210b2637965b61ac7ea907,Russia-Ukraine
191ca4833351e2e82cb080a42c4848cfbc4b1f3e97250f2700eff4e97cf72019,Russia-Ukraine
24e9b86b92918c3731fa6126c70532c79507c8041b8e6bf1e1c007aa8a9ac025,Russia-Ukraine
6aa4081d4028116bb50315774f0d5dfd45dfb9b9f61f172cfa53bfc65eddf229,Russia-Ukraine
a196c6b8ffcb97ffb276d04f354696e2391311db3841ae16c8c9f56f36a38e92,Russia-Ukraine
dcbbae5a1c61dbbbb7dcd6dc5dd1eb1169f5329958d38b58c3fd9384081c9b78,Russia-Ukraine
13037b749aa4b1eda538fda26d6ac41c8f7b1d02d83f47b0d187dd645154e033,Russia-Ukraine
a294620543334a721a2ae8eaaf9680a0786f4b9a216d75b55cfd28f39e9430ea,Russia-Ukraine
b66b179eac03afafdc69f62c207819eceecfbf994c9efa464fda0d2ba44fe2d7,Russia-Ukraine
3b2e708eaa4744c76a633391cf2c983f4a098b46436525619e5ea44e105355fe,Russia-Ukraine
8dd8b9bd94de1e72f0c400c5f32dcefc114cc0a5bf14b74ba6edc19fd4aeb2a5,Russia-Ukraine
30b3cbe8817ed75d8221059e4be35d5624bd6b5dc921d4991a7adc4c3eb5de4a,Russia-Ukraine
d897f07ae6f42de8f35e2b05f5ef5733d7ec599d5e786d3225e66ca605a48f53,Russia-Ukraine
9b4dfaca873961174ba935fddaf696145afe7bbf5734509f95feb54f3584fd9a,Russia-Ukraine
710370f6142d945e142890eb427a368bfc6c5fe13a963f952fb884c38ef06bfa,follina
fe300467c2714f4962d814a34f8ee631a51e8255b9c07106d44c6a1f1eda7a45,follina
3db60df73a92b8b15d7885bdcc1cbcf9c740ce29c654375a5c1ce8c2b31488a1,follina
4a24048f81afbe9fb62e7a6a49adbd1faf41f266b5f9feecdceb567aec096784,follina
d118f2c99400e773b8cfd3e08a5bcf6ecaa6a644cb58ef8fd5b8aa6c29af4cf1,follina
764a57c926711e448e68917e7db5caba988d3cdbc656b00cd3a6e88922c63837,follina
8e986c906d0c6213f80d0224833913fa14bc4c15c047766a62f6329bfc0639bd,follina
e8f0a2f79a91587f1d961d6668792e74985624d652c7b47cc87367cb1b451adf,follina
4369f3c729d9bacffab6ec9a8f0e582b4e12b32ed020b5fe0f4c8c0c620931dc,follina
1f245b9d3247d686937f26f7c0ae36d3c853bda97abd8b95dc0dfd4568ee470b,follina
bf10a54348c2d448afa5d0ba5add70aaccd99506dfcf9d6cf185c0b77c14ace5,follina
c0c5bf6fe1d3b23fc89e0f8b352bd687789b5083ca6d8ec9acce9a9e2942be1f,follina
248296cf75065c7db51a793816d388ad589127c40fddef276e622a160727ca29,follina
d61d70a4d4c417560652542e54486beb37edce014e34a94b8fd0020796ff1ef7,follina
4f11f567634b81171a871c804b35c672646a0839485eca0785db71647a1807df,follina
2fe44042cfc6602b43204e38bcbc2773d1e4f87be6aa16073625bc1b33af6877,droppers
8fda14f91e27afec5c1b1f71d708775c9b6e2af31e8331bbf26751bc0583dc7e,droppers
262f963f949671f429ba3c4233f493a064c08e1361d0c0689f7d3de205d5f7b1,droppers
2abfb434d9f16888332ecb2d6eb7660b28e544ad67130d0050330bdb104502c3,droppers
adf8cb3421c726efbadff60e97a07f6df6de98818e0978382ec388e7d32a2128,droppers
4b582f38e3376346cb066e36ff8dfa32b268154bb2de13870702e8bbf366a023,droppers
467bc7ff93d75009d3ba7633662dc9109297ac0f64abb078fd9c8e181abe6cca,droppers
00dcc4642d488643856259cd3c576d9e24045b48783fc21ebdccd5fb4de66f8c,droppers
71c9cc11c107b0716eff86de98b3fbd77add1e35ceadf86519eb84b473cb862d,droppers
9d4bf3e9577884295102e5dd673b81065d21d348da8ba5a3249e8f5f4c40d5d6,droppers
424815ec0a4c06cb7e063c3540919f8f4b1ee369f977448b7eeaa248ef187431,droppers
9eea56f945cc00c5216b3250326f8b79d3d2cac5165b250b606729e72bd2647c,droppers
90576eb6754dd1c38fb4cea4bf3f029535900436a02caee891c057c01ca84941,droppers
0b4f0ead0482582f7a98362dbf18c219,evilnum
4406d7271b00328218723b0a89fb953b,evilnum
51425c9bbb9ff872db45b2c1c3ca0854,evilnum
61776b209b01d62565e148585fda1954,evilnum
63090a9d67ce9534126cfa70716d735f,evilnum
6d329140fb53a3078666e17c249ce112,evilnum
79157a3117b8d64571f60fe62c19bf17,evilnum
db0866289dfded1174941880af94296f,evilnum
ea71fcc615025214b2893610cfab19e9,evilnum
f0d3cff26b419aff4acfede637f6d3a2,evilnum
f5f9ba063e3fee25e0a298c0e108e2d4,evilnum
49b65b553ad506ce6fb20b84468a543208aa0691,evilnum
7ebcc05d39ff25ad7814ed2ad081b7e8ec5a5003,evilnum
9172ef18ad1d0e5aa0e947321dbd2ed38bd7755d,evilnum
9d692fc1ee6ea146d70d6bb307e3c0fed6c5bd24,evilnum
4ad43986f7130d8d1a40f0377e0c1ada1115fae3e972b339f728d0e794b4a20f,evilnum
531e1e4e076fc0e5a792b60bd138209105f22b2e7b9818aff5efc0ff9f616917,evilnum
78c6c33ebb8d5311c85c58817a1cce7bd126aa9457155962e7d5d2ffcc74c805,evilnum
c4cedf78bf239c28e49e43a21c723ec66ffaca48a7b2c4767f73437325c7cc0d,evilnum
b9584cf67e73a759d6c412962d4a9d7471c703f72e056cd24742a4b78c68ff2d,trellix_RAT
886c5883113d279d97caaca2714860dfceb421c7297dbb3ee04a00b7d50b821b,trellix_RAT
06064b3b0158efbfa9d849c853a9783c7e9d07c5924275d0d33c6ac74c78eec7,trellix_RAT
8248432bcba6e8bb8731c0b8f2fbe4aae2e2d0fee2157477c83343743c39c1a8,trellix_RAT
f32b0d71274ea93f27527079371e5e926e8d6a6f29d84ac602e48da0332c9f4c,trellix_RAT
f59dc209ee236e5ed78f83117865164e57a223f742c75f57c20d3da4cbe179e0,trellix_RAT
5e082d1c85e591aebb380d7d7af56000ac0ef5fc32e216cb5fe7027bb9861743,trellix_RAT
465a59b7a97364bc933703a8fda715090c6a927f814bc22a0057e6a7134cb69f,trellix_RAT
080fcc70c11248eaf34bd30c0dc9800b0b1742fe92c96c9995a1c73c0adf2336,trellix_RAT
fa9cb5608841f023052379818a9186496526039bc47cac05a6866f5fb0e70fc5,trellix_RAT
fe1c8b01f5abc62551b0a3f59fe1675c66dd506d158f5de495a5d22d7445e6e9,trellix_RAT
5e44f769aa9a745ade82589bbbd17c3687f2fb7c08b1043d8c5c44d28eaa20a9,trellix_RAT
7a6b87a7ba79160232579157b8ebcaea7660392d98cb6b8b3d562a383a0894bc,trellix_RAT
FE1043A63E6F0A6FAA762771FF0C82F253E979E6E3F4ADD1C26A7BD0C4B2E14C,qakbot
9C3D3CD9B0FCB39117692600A7296B68DDDF2995C6D302BC9D9C8B786780BA19,qakbot
F5B6619E92D7C4698733D9514DF62AFACA99883DFAC8B9EE32A07D087F2800BF,qakbot
aa5e8268e741346c76ebfd1f27941a14,Russia-Ukraine
a6772c80f51d3805d5704f02a80e08501b133fac,Russia-Ukraine
2f92d416f73472db1ebe880b3bec677bcb1d96d6ad62974da00b4be5f6d61f5b,Russia-Ukraine
047fbbb380cbf9cd263c482b70ddb26f,Russia-Ukraine
06124da5b4d6ef31dbfd7a6094fc52a6,Russia-Ukraine
144ccb808e2d2e1f0119ea2a8f7490bc,Russia-Ukraine
15c525b74b7251cfa1f7c471975f3f95,Russia-Ukraine
2556a9e1d5e9874171f51620e5c5e09a,Russia-Ukraine
2a843511cdb8f5604cb3fafe244ef5f2,Russia-Ukraine
2b0338c9f3f46955cfd2dc97c02bd554,Russia-Ukraine
2bb5d5aa07fa2c8e9874c117c8fa51d6,Russia-Ukraine
2f14b3d5ab01568e2707925783f8eafe,Russia-Ukraine
2fdf9f3a25e039a41e743e19550d4040,Russia-Ukraine
36ff9ec87c458d6d76b2afbd5120dfae,Russia-Ukraine
3cd599654aff2e432ae3390d33c64f5e,Russia-Ukraine
4a5de4784a6005aa8a19fb0889f1947a,Russia-Ukraine
4f11abdb96be36e3806bada5b8b2b8f8,Russia-Ukraine
6b413beb61e46241481f556bb5cdb69c,Russia-Ukraine
8fc42ee971ab296f921bb05633f6b4a6,Russia-Ukraine
97e16c0b770dbbe4fa94cebac92082b7,Russia-Ukraine
9ad4a2dfd4cb49ef55f2acd320659b83,Russia-Ukraine
9ea3aaaeb15a074cd617ee1dfdda2c26,Russia-Ukraine
a0c4ddf9c6f95d7046be8a2e0f875935,Russia-Ukraine
a236cb7f2b0e34619039788de7f7760b,Russia-Ukraine
a9dcaf1c709f96bc125c8d1262bac4b6,Russia-Ukraine
b8b7a10dcc0dad157191620b5d4e5312,Russia-Ukraine
bd65d0d59f6127b28f0af8a7f2619588,Russia-Ukraine
c8bf238641621212901517570e96fae7,Russia-Ukraine
ca9290709843584aecbd6564fb978bd6,Russia-Ukraine
cd8834da2cfb0285fa75decf6c67d049,Russia-Ukraine
cf204319f7397a6a31ecf76c9531a549,Russia-Ukraine
d2a795af12e937eb8a89d470a96f15a5,Russia-Ukraine
da305627acf63792acb02afaf83d94d1,Russia-Ukraine
e34d6387d3ab063b0d926ac1fca8c4c4,Russia-Ukraine
e56555162c559a55021b879147b0791f,Russia-Ukraine
ea47d88d73fecb1fad1e737f1b373d7f,Russia-Ukraine
11f8ff086184c60b8d4e7d15ea458014cbbd349d,Russia-Ukraine
189f1879fcac60030dd3a751daae46a7444245ff,Russia-Ukraine
2062bf01554f2cbd899422654605276c1569bcfb,Russia-Ukraine
265a613ac405e6c3557e36a19f0ead2d18638cb0,Russia-Ukraine
491214cc496f4a358856801d0381eb4926c07c59,Russia-Ukraine
51267f49e508965de494441aacd8a0c8b43e7b54,Russia-Ukraine
9a3161c8570f1ca410038bed6e2aa297aebaf548,Russia-Ukraine
a20b0724746a742bf1ea14e6c9571fa6aa29e022,Russia-Ukraine
affc2b19d9fb8080a7211c3ed0718f2c3d3887df,Russia-Ukraine
b4100aad572f619632ec28042a76c52ba2350acc,Russia-Ukraine
ce4c60dd23346cc574cc7f591a1aafcfa5503d4c,Russia-Ukraine
d9fdc465a4203f489cdf10e684289d6fbbbe7aa8,Russia-Ukraine
e6a4cb6bbca72eb659c5f03cde178712d5e9415c,Russia-Ukraine
eb4cfad05c77d8149d7cf79c34f0aa8d4fe0fc36,Russia-Ukraine
f4c397fc4f410362b2995bcd5c0bbd3199fefdf2,Russia-Ukraine
ff37d700d76cb6ed7d123f33362f5017136d1c08,Russia-Ukraine
35ffc1263005fd0a954deed20a7fb0cd53dbab6bb17ff8bd34559a5a124686c7,Russia-Ukraine
39b3c82b1e7e5626e380a53df4ccb52f3002749447cfab362b8ec217189a0fd5,Russia-Ukraine
7f0511b09b1ab3a64c8827dd8af017acbf7d2688db31a5d98fea8a5029a89d56,Russia-Ukraine
8ffe7f2eeb0cbfbe158b77bbff3e0055d2ef7138f481b4fac8ade6bfb9b2b0a1,Russia-Ukraine
92f69de0d45ad88654a6eef720a6f6b6db090afb67ba0eba5f9b77f504ea6280,Russia-Ukraine
99a2b79a4231806d4979aa017ff7e8b804d32bfe9dcc0958d403dfe06bdd0532,Russia-Ukraine
9cca923d6fef93c4cca83034a427f5984cd6f30a8ea8ce2bd8a3b0c7b683a96c,Russia-Ukraine
9e9fa8b3b0a59762b429853a36674608df1fa7d7f7140c8fccd7c1946070995a,Russia-Ukraine
a7a75a295c0735352f752639a6e9e10ddef067b6ff4599af1ab7b64e5b649108,Russia-Ukraine
b5b989f8eab271b63d8ab96d00d5fb5c41ab622e6cfde46ea62189765326af5a,Russia-Ukraine
b63a80660f94353112ba7071ea16ebbeb9de7cc14c278d1c4dee40bc231cb49c,Russia-Ukraine
c1afb561cd5363ac5826ce7a72f0055b400b86bd7524da43474c94bc480d7eff,Russia-Ukraine
c83d8b36402639ea3f1ad5d48edc1a22005923aee1c1826afabe27cb3989baa3,Russia-Ukraine
e97f1d6ec1aa3f7c7973d57074d1d623833f0e9b1c1e53f81af92c057a1fdd72,Russia-Ukraine
e9cb478188108533e821c71dd3dd5483ae1c27f677c7576c5046493321006bac,Russia-Ukraine
fe82ba12929734a567a5bb9126c1d231fbb61751164a82481eb2435c90dd0b7c,Russia-Ukraine
b5be237e979ba5cef73f8ccd39b58c76236e6b52,Russia-Ukraine
e23fc2c5e2c1346f1db74300a9aacaf8c18b4289,Russia-Ukraine
ff3dad91b266fee1ea107a2c9964349a,Bumblebee_Loader
4acc9ddf7f23109216ca22801ac75c8fabb97019,Bumblebee_Loader
79908f93dbe8e1006706d35fb44c64b278a9bd13993bc29f69ed9807f992eb6a,Bumblebee_Loader
b94ac8eff94453dd4c03ede0e8e06ec3,Monster_Libra
d243c07128ee42bccef33bda67ec61d9,Monster_Libra
5089dd76080329877c488325bc8ef8f736d1d1e4,Monster_Libra
86e41d5d7b3db7e4ce324a4392c3515e1bc1cc6a,Monster_Libra
025d824f7fd062715efe4914065eb6026a0f1720256f03e18c652978ec9d6844,Monster_Libra
1de8b101cf9f0fabc9f086bddb662c89d92c903c5db107910b3898537d4aa8e7,Monster_Libra
23b9a20a59041fc7d484957e49ffa7e0f6dba7dbbec0628a4adb69c2e05863ab,Monster_Libra
3af042bd0b5a186b98920cf0b7066344609d6d6deb163ffb0b60325dcca66e44,Monster_Libra
3c59aab375e8ebf7a3da914e7f1f38c6c54947b4c27c73c5c591ab27152dfe4d,Monster_Libra
500b85d4e573f6e14e96c0a06e2d8fe15572c0eb97e3cc6d204d3416140d8a61,Monster_Libra
5af2d2e245b36447fffff463b66164807f505dc9efcbe7fadfe4d450b1715c46,Monster_Libra
78c296d80214d887820a3c55bc06fbc42b17db90fb01aef0766365b383f1e7f1,Monster_Libra
8cd135e5b49d16aceb7665b6316cd4df2e132ef503ff0af51c080bad7010efd6,Monster_Libra
9cb01729327bd958e32aa9481d5a81303627ab7a59b9ae134fb6600ef4e5b680,Monster_Libra
abc8d1097f0249c749f2c7d7058be1b39c88e21d26d45d76985c989289565214,Monster_Libra
bcd1525b0a107b809deb7cce89ae7b873681c14f3513d930b63f2b8739c76c4d,Monster_Libra
d45c78fa400b32c11443061dcd1c286d971881ddf35a47143e4d426a3ec6bffd,Monster_Libra
d66a64e64a1d1b44ebcc854f04b1e175ccc93b61fff0f093394f6dcdcd785d82,Monster_Libra
123f96ff0a583d507439f79033ba4f5aa28cf43c5f2c093ac2445aaebdcfd31b,Bumblebee_2nd
3c4b0442894ec1f11d527bbc3dac1aeac3546cf1,Bumblebee_2nd
11bce4f2dcdc2c1992fddefb109e3ddad384b5171786a1daaddadc83be25f355,Bumblebee_2nd
699ed89da873101fb647b8ca5b77649afa084461,Bumblebee_2nd
cadd3f05b496ef137566c90c8fee3905ff13e8bda086b2f0d3cf7512092b541c,Bumblebee_2nd
e9d0227e256d71e622f2d0f1eef56fa671614d7d,Bumblebee_2nd
797B5A4AAD2EC1531C81AC948B52D4B1291D47122B685C12B36E77C8A61C2174,REvil_Ransomware
2D22D812117FF4CA4D8BCBD45EC20C77F52E907BF7320D44F6A4FD6C7BEB066E,REvil_Ransomware
D41FD38A8478BF788F5DC0ACF0E070DD360DDC9BFFF0804E6B5254CC0116AA81,REvil_Ransomware
112E6CCB547D624E5C2EA7FB93065CF6681EE14F273B2A9968715B0DB275A861,REvil_Ransomware
081BEA740B6D6DEB290B73CA8143967CD9815F5CC88D5D7F43D52B1A16823D93,REvil_Ransomware
372C8276AB7CAD70CCF296722462D7B8727E8563C0BFE4344184E1BC3AFC27FC,REvil_Ransomware
EC0C653D5E10FEC936DAE340BF97C88F153CC0CDF7079632A38A19C876F3C4FE,REvil_Ransomware
3426848C2AE0E7392D161E66AEC169042E9A53972E34B462A2303948DAAF064B,REvil_Ransomware
3546212E7E1CA7DDF4FC1DAB940B7F967AD07E9A69A90EFB54C9FA7D83B84549,REvil_Ransomware
2A103CD347D23D3E69E369222C941D18D11DC36D664CA427F4C7CA22C2EDE56D,REvil_Ransomware
19F1A30555B83F23ACC245EF6FE745F3292EF015C71ABEF8DAA077E31F259179,REvil_Ransomware
91CEC6387E3351935D77697A1F3D259D4AA82F8F726C782479F680D083940C86,REvil_Ransomware
CCD66A1650C795A510F2C3D252F1F8E194B837D6B03F44B3A8FA33914EA86033,REvil_Ransomware
8B15999CFF808E9477D25BF0F839AC7C93FA4E62710FB6AE29D33787F1A05F12,REvil_Ransomware
A53543F934DC1B0C8E8541354350129099061D6259A1C39ABEF202F4DF80AA7E,REvil_Ransomware
454FE83BD5A26429EA01B37105BD41718F97359933D272799309CCC6FBCDCB7C,REvil_Ransomware
E08E62A60EDB3D83E8EAD3B53FA9CA53D44F6DF7496DB81D6F977DF589444194,REvil_Ransomware
547798DEFB6D577EC9F13B00FB1BE293F903AAA974DDC049BE16D6437AEEC86E,REvil_Ransomware
E639306C7587CC302A5C6C6E638EA552D652C6B0E69457C373B50F89DAB5B94C,REvil_Ransomware
59C49AC2039AD6F461745A2D4BBA466ADCF2B7AEDCD94E8510152FB108930DEC,REvil_Ransomware
E405D4D827987638F2D8A60EBACA732DAFAF9D6978187FCEA12345FE24AFAAC7,REvil_Ransomware
0E375AB01A08CD6827CE399F43CBF35B3495EB4AE45FDBAD18B812513B68AF94,REvil_Ransomware
41A2BE1AC9C6DD82251C95E06C832B4AAE0A6E1C76FE3FC6227D3142754AB640,REvil_Ransomware
D48768E88CECDF0A5AEA8862D748FB5BE1A468DA404A64B6A7FC9E94EFD594E3,REvil_Ransomware
1020C2E05434E4F06290C15D4583A290844C53D5124CC3308982C0B6E9D97024,REvil_Ransomware
448931D68D6614DE83899A8F15F504AF8F65F3A9543C74DCB8601FCA7C6DFFAB,REvil_Ransomware
74BC2F9A81AD2CC609B7730DBABB146506F58244E5E655CBB42044913384A6AC,REvil_Ransomware
F2F49FEC062370806B56EEFCDC0AE4ECED20CDD5B1901B19FDD04C4B90712297,REvil_Ransomware
34BA7E6DD88471C7AEC1612270ABD57D445030906375722A78A9E73CE6097FDD,REvil_Ransomware
792262D1D6857FB92248022524D43B2127F913C857731D74A6F1589C50E15849,REvil_Ransomware
4478337ABC2EC1030756E991D7D4633AD1C99574CBA2EE34428CBD67F1E50F18,REvil_Ransomware
4ED45AECF6332EF24C069335FE7965FC05CF392BF400E1E13C77554529609440,REvil_Ransomware
245F43B7D93D48E12DB0082955712B7A229127FDD37E5B162007DB85C463CCA6,REvil_Ransomware
F7B80F0A5920ACAF4EB6ABDEFBDB84856F57EFCF6F3D26AFEA9ECA8BE83205A1,REvil_Ransomware
2FEA45F7BE7C7313EE6E4FE7AD9EF64D9966A2391003A00DCBBD6214E9C522EF,REvil_Ransomware
0425F6CF8C9CC7C507E766119262F9C7C5C90BAF9EF744D64F9F7B4FE526FB45,REvil_Ransomware
D742CEB2EE790AC7B0A7963D7B719B42563FC2673BB653221EA3BD0D8ADFFD9E,REvil_Ransomware
8790C52EA21760FDE53F3E8003CD23F896C8C7B12CCDF212A615EECE41AA5B97,REvil_Ransomware
83109EEB317CADF538D48FF04E54E45291A1770D8F568A35DFD3A55CD98B4C0D,REvil_Ransomware
1E1653773E590EA0CFDA3B5E772B1F03C9A08A3CD595061100E2F2C50A3053A5,REvil_Ransomware
C9B04EC734151245774B54DF09FC77011D703F4C93C277DBD26B998E7B6DB29C,REvil_Ransomware
84F909F2A044110A830148D98D47351342A2F1C9D5F75E6B8801FF34C9E9FA98,REvil_Ransomware
EE75B4B93EE55444163A282C06C6D7A87FF2C520F4923A88DF5D9EEA1547BBF9,REvil_Ransomware
D5F3CDE94B9CFA5A31CAF2885B13979F5729CB4B6184C1AB1C68FE942434573A,REvil_Ransomware
DF09717CADADAD377CA8ADBEF576D2698B4B0A95D9498CF143312E3AE4F17EFB,REvil_Ransomware
EE11D5DDAB284F7A3CCBADD58BEBC1F2A8303395374765A219D0D1C949CF582E,REvil_Ransomware
6DE38AAFC267304770D6CAAAA5DBF65E6BC28B6E5D436EE12924F0E31753C7D7,REvil_Ransomware
7E815A822678B5AFB07A7D467F6938D8738D4F91F7970B04B4FC61C5D1310D6C,REvil_Ransomware
FA2BCCDB9DB2583C2F9FF6A536E824F4311C9A8A9842505A0323F027B8B51451,REvil_Ransomware
BDA5F244F949884B2892C935EA5258C7276EA3D186094BD67DB142E2A5D5B5F1,REvil_Ransomware
9439B0BA55A01A86BC14A8742085C5370A6C80ED110083DF5B9CFD0031094816,REvil_Ransomware
FAC5D96467B6B9725B412D3B78EB52E3FA71BE748579896774DF3F86BE1FBA4E,REvil_Ransomware
A05C78B65A632AC51A4FEEB748E5E89CC6E57D7A394D8B61AA06F4E721EAE3A5,REvil_Ransomware
963E97485B76AEF77E20437230BC7A6AACDBFA15EAF34E0F69063967E2A622A0,REvil_Ransomware
61EA9401C86F28DB49A766B180B1B43335DA1AADB9E8CFF5441670D05EE8A0B6,REvil_Ransomware
FF61085FF157EF0A98AB65A5343E65637EE24E12CAC3B418E45532FC2747F3E5,REvil_Ransomware
34F01B17B678FC4BABCEF41731D708CB16BC33A284D87B8675605D0BAFDEB20C,REvil_Ransomware
6E57810C41F253C8725D738CC83E703C1DEFAA1C2477314165D12BFD81E23417,REvil_Ransomware
60AE85E61C28F561904E65F5CD79C74D4DD4B4CAB20B719BB3B4E0FACAB6D604,REvil_Ransomware
A389E24BF0AF9BC81B8133A600A2B6C875D32AA0885964D0B9F3AC6DB5FEE762,REvil_Ransomware
42B02F1C1118C037F18AA331B8B21A159BA4FAF412B3BF319CEC6CD4EAAAFB9A,REvil_Ransomware
CC17DCE773D9AA09298B4834E50A0B2BAD206A04F40FBCCEA6A954B732406824,REvil_Ransomware
D011469083D12AD3D94925DBCF113136039A5B53D70E0F99FF04267A4BF80B6D,REvil_Ransomware
F07504D362D83EB9013425D13CD9361484E951CA091C2ECA33361BF71D6D576D,REvil_Ransomware
ECE4C1E4C72A361DB47C69DF061A2AECCDDB5DBA17D8FB1EFF6CAD0A67975B2B,REvil_Ransomware
6D642157D0C3FBB0BF52C8920D5F06B40B907558645D53F8C18C48746D17BDD4,REvil_Ransomware
08542EA965F7AC97C90635444860C5D35A8E8E81C7EDF3DDBF6C1736A8C61B63,REvil_Ransomware
7EA8DD20165E86544214BD59B7AFC09872AAC6DACD41C5C1683C3CB86D88B9F4,REvil_Ransomware
36FA3F72AFC2DD6F206A295FC618038FEF5E241BC48BD5451AC9BAB9128734DD,REvil_Ransomware
151271BF05310F94CD33CBA3EB90BE264EDC4828C04E4E82F492B8E2576EE7A6,REvil_Ransomware
48C670B7BE5B9668C4E9C4D6496B31E4C5CDFCA5F4B57508F8A5A886678C9A59,REvil_Ransomware
F4E5D7A95681D920DDA75FE5DD89BE249905E2A7712F9B3B39E19351F5EF5E69,REvil_Ransomware
1F396173C5BA8EE8504CA2BB5FF1DB334D65BDA15C5A767AC65B0E05DA118D6B,REvil_Ransomware
4A0F399840BB73F3B70D4461EC1A37CFFCB3E4789C876042D133ED903C5D9333,REvil_Ransomware
F1D4BA6209C5EB5219D27C4EB1F0FB54F35C32B4F6EE8155BC63B9F64B011A5B,REvil_Ransomware
C48F7B0E83FD4B4800DFFD7F441854D8B68750F636D3424E37A60D550C82CD1D,REvil_Ransomware
888B0CDC60C5AD56E3C54E3FDD43DB3B8B733441A687E5C1ECD54758FAE7B633,REvil_Ransomware
62544600D5E4CBA3F10F196F5C57E27A4640F4D3B5C20293E3887B8E39C16B94,REvil_Ransomware
B202927E24727AC2677F9635DC7BCFAB8E812B3F74F85D40F198642D182D671C,REvil_Ransomware
6EFD9AAE5E112418BD43AB48EC4A1FCE191C7503FCD11FDB95E89AD0217ADB7A,REvil_Ransomware
7598009F6CFF5F998C2F24F77043FB6EC8DCC8CB9DC45A6224758D31CAD55312,REvil_Ransomware
C65530BF0949FF535A92D75498DEA01566CE8C7CC52122C61B7FFB762D05AB65,REvil_Ransomware
C37E6FC624635F04003CCEED928160FBA081719BFDDC5539C02BD349208E2FAE,REvil_Ransomware
ABD5D6780946A6A747741C8D74682648D1BC35232382534F4F778633A0577BE8,REvil_Ransomware
1280396EB6A6F98DD92FC923C335B0CB4D5A0B6068CCF58294EA7FC77FA6892F,REvil_Ransomware
8867A57C838E1131E162983972CDAB05BA38E6CC666C0FB71415ADA762A9B2AD,REvil_Ransomware
564D9DD23E81BB35EF2C6D8FF8976C9CD88A45291430B3758ED475E5D238C5C7,REvil_Ransomware
754C6C376B1E322E03FECAEAC592971CC2A07F614D71529939A46046D1D87695,REvil_Ransomware
81878C4CD8C79FCC10478F15EA6D00A0D1151A205943EAF47E8C4CD450DB0915,REvil_Ransomware
C625C2C313059B4D4AB2C834DA3D710E6CE428C3F0AE701B17819A18978BE6A0,REvil_Ransomware
AF4DCEDF21EC3D03DE8EB119108C184371AB2422D5BF9EAFF034C129AC39A485,REvil_Ransomware
9317D24238CD7A89489FAA4B3823D458F4E9CB8BE80347809CA1B5CCB0CA318E,REvil_Ransomware
CCC6C8502E9AFE55BDA5DD140DEDDAD608E9E26444E377D7688EDA168AEF271A,REvil_Ransomware
AC2B1FEEE569F5FEE141F5FA5FC42A3225305E347FE2B1807108B2402A098E79,REvil_Ransomware
51923EC74555541E3567F87BDC189934003B9D32403840CBC1FF5F8B2DD4DF05,REvil_Ransomware
C77466644020C04C55B1A7163DFBD075874C599444707968F3C2B51B320FC547,REvil_Ransomware
0F9ACB0DFF4E2DE951D58258744E55350F9D1109D3FB20703EEA15CB4DC733F6,REvil_Ransomware
2AFCDF8C9601E2CBE90C64F67D1E8A95241D910A864664E24B80B80A0ACD3DD8,REvil_Ransomware
3BBBC68FE566CA5BD9135630F7B8BF2FD4EF96188E01DFBE8C4A89595A4111E1,REvil_Ransomware
3D96D4D5E89B643897CAD61778F54F8741338A3F3F9ACCEAB965C417B35A74BD,REvil_Ransomware
2D9CE6BEA628F3A8F3146059438A36BF6DB4022E8F3F2CB3CF22BE1CE1AF701B,REvil_Ransomware
DE5E460AFED07C9B756243B30B9209C25B9C5C1FA79418000438794A4CF9417E,REvil_Ransomware
2CC2DDA39D7C8D859A69CCBAAAF40D2D6495006696CDD50F13306398F82044B8,REvil_Ransomware
0AE199C13E033F6E63A388151E33C00EC374E1716A40E4BC1769B9CA559852CA,REvil_Ransomware
7FB5DF4519284E44B621265ACA19E61E8E5F00351087DDF2CF838935261774E9,REvil_Ransomware
8BD76EA3B598A116C7D09CFC1C72A089DD98F8B02C6D2F321AA181028DF4A323,REvil_Ransomware
C285EB6A4BF99E22556297F9D3CAFB9DE54DE00D12A9D0078B0B84D1476BA4BF,REvil_Ransomware
17D153A225EA04A229862875795EEEC0ADB8C3E2769BA0E05073BAAF86850467,REvil_Ransomware
8D8C401DD0169A3896D1E3A4663AA510244556BC47E10AE04DE0CD00EFA44BCD,REvil_Ransomware
CAA5F52A7811C49AE830606F01FD70D846FE53E9858603886F504E984FB2BC78,REvil_Ransomware
51FA6A79A47C12BEC9A9D63415F6B80459B7D7DF7003F719154807547CC33412,REvil_Ransomware
1937098609FBBDA1B470811A7FFE5FA044058655722D84BD029050D54F2B1496,REvil_Ransomware
2BF305E40252953154A29D0887A6703973A4523A77ED89DE6B8803F5DD360F57,REvil_Ransomware
F5527734390C7E33BABB7BA5139490007E3097376B1332FCA4E616C8C58064B9,REvil_Ransomware
507F7B533834CD9445983A89766CB35C6F71857658D7F7B028D4FFBC941CFACC,REvil_Ransomware
C20E4249716805AB2C8645DE65874797A2671AE16A30B9F1625CEB5F4BDD3AE6,REvil_Ransomware
A88E2857A2F3922B44247316642F08BA8665185297E3CD958BBD22A83F380FEB,REvil_Ransomware
E043C9C475CE6A24337F7EB6A5359A0A23D9C33D2D69D14DC70D94B20276C685,REvil_Ransomware
128A0BFAD65790D7DB90F82F2EDE6969E834549A48F3712130288D2CD455B2DE,REvil_Ransomware
AB524BA63CE09EAD0E9064CE69A5390BDED633F5C0E0CC3FB6A916CB4D6C4241,REvil_Ransomware
E281347D6FAF8FA17E9BCD79D0F815187506C89E8BCA9FFAE78170E31FF07438,REvil_Ransomware
9E31D426701CF1E9CA72F71E88A3F50978AB2D67088E96F1C3B954DF1E673BDF,REvil_Ransomware
030D90AA57E00AC524B8201E7324C31505E777CBD06F1F56A5D467F4B57707D8,REvil_Ransomware
200D374121201B711C98B5BB778AB8CA46D334E06F2FC820A2EA7E70C251095E,REvil_Ransomware
D4E2FBCC71F4D02D01747BDAC5806DC56E59CAE4409E47867F3365FF998E8803,REvil_Ransomware
153567874CBE801A0A0A30EA9265831428FB9068AD96E4FE1B221B424359B9CC,REvil_Ransomware
40D8E3DAE59E911AE1CD44A03EDA87D36124450287FD4F81FC095A219D8A2E04,REvil_Ransomware
F1BC14943C240F59B8D3AD4D6E3AD5568F896F80E79697E690612C5602FA653D,REvil_Ransomware
5928DB8B7B1714EAD51392AD809242CD5A158DEFEFE5309F3AE0238C20A500AB,REvil_Ransomware
0AEBC3C9DD12779C489012BF45A19310576EC0E767AC67D1C455839302465AFA,REvil_Ransomware
C78BF17E6ADB1C671242C0F6D15378D7B54392FAFFFF17599B133AD4C91A3B84,REvil_Ransomware
51C7E8E4C66E1BA01D46F2FEC8FDD72AEE5EC6DFD6643166D12BC9F1D0F58A78,REvil_Ransomware
D765650F9F566880DF22F1DBABCD8DA0DC81D6E10FFE3BAEE3166AC87AB12A91,REvil_Ransomware
2821836E5F84E2E63A42AA7FB4948A6FF442E65D3551488BEB59C5032D330518,REvil_Ransomware
C407C0DB2F79F607DFDC5EB2F4F222491F96EA3540D8689C8ED6FBA89A240757,REvil_Ransomware
9FA3A004576F357B5174DD1C29EF7D13005D996D5F9FB4B86D6D978D1A4A84AE,REvil_Ransomware
6081E88FE927E60D87DA7A0BF1CC748F3C52F951A80DD3E4BD16CEAADC80571A,REvil_Ransomware
1236EF61D9202363B4DBE5AF5A86D41010EF13D9574A7C8433A9A1D5A0563D85,REvil_Ransomware
D35FFA505A949DF39EED305125C2FC99453E6392535661890AA61CEEC4B77F8D,REvil_Ransomware
A3F077A4C29C522D9D70E3B22778C5A07239B6949562B37617E5AC913843076D,REvil_Ransomware
6CD6C3AB26DBC9E0725D4DB991895F4B48AE3C6B3D3C67D98DADCAC81C7CDC5C,REvil_Ransomware
A6E3D32365196D053A488D68D00ADAB68F4953956FDB1FE0CC5915A0C4848E14,REvil_Ransomware
30D11E193A44C2A9807B073854DE1370977AE7C3E99B0243F83D34B261EB2B9E,REvil_Ransomware
B7A4B50CC0A8A6F71F84217F75A99AB7B27B3CF0AFB0312B998F7A8051598A86,REvil_Ransomware
064B5A8A6527E9B7B857C78417C9701CCAB7F6FD0CFCC367AA73A98A91E1F6A2,REvil_Ransomware
51F7BCC2DA2C7A0704F1F537C42279B0FA3D3A72808BC8938880DE88B21945B9,REvil_Ransomware
04F710F755AF9AB14BA24C723F972706FC585C7A949CC5E275B5AE89104771AC,REvil_Ransomware
7047DF7A1EFE3C1CECC26445B59AC74FD912C9E77EE01F74D653DD20D5EDBD0D,REvil_Ransomware
AAD3F0A2DFC2BFCE8DA3523CC4A4A302D44415EB14DA8586C10B09752B249C39,REvil_Ransomware
84475389373512CFA0EE139F05FC73F688EDDF25D2B1E3519BF5FD41FD06F140,REvil_Ransomware
9FED4AEC732E2B564F0E63F37893B3C00DEAB31580580EB3045541A05CAE8766,REvil_Ransomware
FFC3A0458A0C56B922159FFCB6F8A33F98248ADE104A4CE5609EE3DFE4CA56EC,REvil_Ransomware
A096E7ED6B4AC331FB64A81CCE1AE13E9C8C64A442B28C1556F7015F3B0ED4F4,REvil_Ransomware
F92933369385D3E441642B60857A102B91738351630A10BB4194CB1ED65793B7,REvil_Ransomware
7D0A7B508D1CCC7CE49B234A25BFF26C487A85EC7E81DDF6325E8E301516CEAE,REvil_Ransomware
6ED3E4D85B44330F9E8254AEC9B0055CBC51438472B366DD653201ABF452BB89,REvil_Ransomware
C2A96C37B4BEEF66EE7B650C9043D693A1D939527AED13C58F6B1706B8D016E0,REvil_Ransomware
41050EA37693DB3F76887D9FBCC6B2EEFD4357AB7F49E3CCCF682B5AF49A68BC,REvil_Ransomware
C441DA974A16D4AA5AC151E3505ECAC3545C49F30D5CC6BC3E02E8FCC413A6A3,REvil_Ransomware
984E8A13D4AD8E1DCA468337ECBA4F221688EF6B96E9D1238E5C1BC92E4DC3B7,REvil_Ransomware
5E191F438185730B548A5ED5E2DCCAECE3B6DD43FA1F5E5BAAE677FFE8DA2360,REvil_Ransomware
97CE758904AA53C3C4B3E0E4F9FEC84958C4BAE0CADE393D0159A78CFC79CD8D,REvil_Ransomware
80BBE933CC68FD5837B0BA84F17B9F796918125C52321D3D504468E837239765,REvil_Ransomware
32A72F3BC54B65651EC263C11E86738299D172043A9CDD146001780501C75078,REvil_Ransomware
97612C95AA764CB2A4DA61DD6C25192EB2DBC8D8D75D9D0FE57FA0101157E28F,REvil_Ransomware
95F29F45C33D66B22E71B0FC0C1C03F7415F08B30DFC9BEA0902C19D29A0B137,REvil_Ransomware
4D3FB0E2D5BA3F2EECBB2AC62A0A73581C57A2BE39246D861657F21FE2D2C6E6,REvil_Ransomware
ADD230A2E7AABF2EA909F641894D9FEBC6673CF23623A00CE3F47BC73EC9B310,REvil_Ransomware
D08339D4D2ADB359DB839026D0C81B2F5F097C624948B3EC9C2FC109D7357D84,REvil_Ransomware
6AC88349FCE7365D58DB1A78F6AAC4BBC548B165A12E690957B121350DC5891F,REvil_Ransomware
11D7EBFC6DD68EFB6DDA3A7A37C29EAF96B5E154522DB9D933E7B20CA978FAEA,REvil_Ransomware
A2715F4FE971766681C17CCD0E045F87F7B09D4D57ADB99601078EA5C8BBF68A,REvil_Ransomware
AADD806781DE93FB55F46509704DC7E3A9EA2C6CE3B060CE269AE7AC756868CC,REvil_Ransomware
95AC3903127B74F8E4D73D987F5E3736F5BDD909BA756260E187B6BF53FB1A05,REvil_Ransomware
7915D17E38EA521781CED419D85521AB852489AAA8C32F46D73186B69B5A35F2,REvil_Ransomware
0AF5A83AA182E82B789E7A98F791CE27F40BEB92594F5B846C9EDB502594E95C,REvil_Ransomware
986D43DBEA20C8703846CA0C8E406CE20F902D6451FE9810D6485AE61034F5D5,REvil_Ransomware
917F1FEEA1242D962205BA1827D036F55482E83AC4008A84C518479A3364D4E5,REvil_Ransomware
8AB99AC368B338310CB1E130D9971AEDCDD3B79E5C7143E8B4B0A8CE894F9C78,REvil_Ransomware
0C7A12550EA78FD2AEBEB7190F72E281700BDCB3D6DCA4063E98D00899848D6B,REvil_Ransomware
9AEC4AB2C722C0CE0A01FCB5AC05B3F3D014B3F233F4B96D8F5E0F7826011A9C,REvil_Ransomware
78C863C273D0110FDCC20DF4DC3C454504D507F9F329B3B2498052A0A49ED521,REvil_Ransomware
029759C8D9F3EEA27504883565BF6DFA961D4C366FC536ED68318D47D7E8F117,REvil_Ransomware
6674002729481634A25B3FF26E0DD08562865A5C4D887C16227EDBE68A17616F,REvil_Ransomware
8C8481C65F40FB55FCD8AA077F3D20702F366C365E276AB7C3FA03A98310A277,REvil_Ransomware
2482ADA094CC4E6E35942BD77267DDFFA2D01F871372E2C917F77863EC0AE8E5,REvil_Ransomware
B8C5265A15A1D2C5C376064F2454F1369AFB933CD8D4380F3841578D294A36EA,REvil_Ransomware
0547981C9B731C7C13EA42EEEC41D21CDCC0207461AED8A33449C0B4111A0F61,REvil_Ransomware
D44C3C6EE94AB3FED02116B3957376E85B72B838AF6D057205CDC93FCE295E48,REvil_Ransomware
826174EB84448B061C267E3F927B7F467EC1E10678F2B8EE498B42823C3AFC47,REvil_Ransomware
F82BD03B682BA7678A01F618DC66B8840117E281AE309BE250A2DA3E9900892F,REvil_Ransomware
34275786D4A5EBA2F7A780AD423069D7F681B5756B783022C90BCFEE9CB4ACFA,REvil_Ransomware
511BB6AF9B40B3E2D1224B9E95584CB8F2D9E3DD2B35BA1F0B31706DE5621928,REvil_Ransomware
834CEB76DDFE5549B0DD8E10891949E9FC4DC23B68517FCE991D7EFDC7AB8EB2,REvil_Ransomware
F195FB77843E110FF91656C09D277563EE32C2D36388E556F25328BF0AAC80BE,REvil_Ransomware
F53013297C92AC1A9FF7BB8314E2703454159CCB7DA5742EB56F1533EFF5501A,REvil_Ransomware
F0C60F62EF9FFC044D0B4AEB8CC26B971236F24A2611CB1BE09FF4845C3841BC,REvil_Ransomware
E0EEA847F58EFE604287A0FA9ABE84576235DBBFA5F3E9636DCDA10092C015B1,REvil_Ransomware
6F286E8322E4799F8AFE0F431DEC82E955F193E68E81D1EC0A94F7597840317C,REvil_Ransomware
B1AEBCF979793BEEBF94B264CAC929980F53F228A52698309997871224457E1E,REvil_Ransomware
A4EA7EAB38B227283D7B641A35E1AE26FC499EF489ECCC8EDAC7F192E7E564B4,REvil_Ransomware
046A416F4A41DA0874C49C2F279ECC5D27F196E8A9086F9F250830C570113905,REvil_Ransomware
B4436606C93AE464876A0E229342503CF754D9951D61D9E2E3FCBDF680FDFFC4,REvil_Ransomware
CB62C93DE1211F180203962CC79D4DDEF40BF6B0A40E3DE68108271031B40F8B,REvil_Ransomware
A428048D44C81B233FAA9024DC3153F0524BB5DAB600C6E847431A69C3FD5AB1,REvil_Ransomware
6FE7EC21615ED7DCD3101EB45FE6FE5DB2789D7C7E63E67DC51D5FDE31BBB22C,REvil_Ransomware
B1CE637EBC41237A51500322E50442D344FE2D627FDC4EE100A05F2FDCCBA2D5,REvil_Ransomware
2E77AED5C1C0F8A7A73DF7956BDE42EC22DAF40CD3224D97FA57E6F52BD4A205,REvil_Ransomware
B3AAC4325D77CA3C7AA49B17AFCD2326208E4FAE972FB6F6BD3D09C1AF5EC787,REvil_Ransomware
0EA3EC3DD5176D2B82514BC7A54547ED1652CC7DF069130D55B4F4EDD1FD08EF,REvil_Ransomware
C73116292F7373E4271D58B48FBC64FA031C8C2C5DA8745A64E86D4625FF54AC,REvil_Ransomware
89D80016FF4C6600E8DD8CFAD1FA6912AF4D21C5457B4E9866D1796939B48DC4,REvil_Ransomware
963E31FEF7C8DB9E002C56EE30FD3CD4B240DB466BC23687979E2F161BA5606E,REvil_Ransomware
6EB8E811BA663FFEE249A3DEBC32646070D3662C34CC99A5F580C750C46C71ED,REvil_Ransomware
EBC37AB0E1E4BC3CB52950E4D16B0157BE9C4FFD12E4F798E51454E747295952,REvil_Ransomware
12096093901347150AC72D6C9C1CBACF4DE7D6A51EF1AB4CDDC06F85311DD8AB,REvil_Ransomware
0832B9544B38AEB0E7731CFC3A676365224472A62D3628A0DFB838D3E5202E1C,REvil_Ransomware
0D7F296D0B7AD462D55D49C374EF271F5898C3487192BFF7B157942280B876B6,REvil_Ransomware
28E8CE0EC79B422BFC17E57F8C2A63BBCC6B6C30DA5A9C95AD79CA781A39A148,REvil_Ransomware
0764EEA3E887768E2CA6770E087511CFF981104591A64FB612BEBB1D9A5F0AC4,REvil_Ransomware
10071748CAB19D1D637F24BBBB1E9FB677DA5110D1CF91988436064B4694165C,REvil_Ransomware
B6E27E49D83F82F0FEAA1B41D7B8906B9237E08968BB2CD5AE6F4F97B4C9F5C8,REvil_Ransomware
BBD79505AED7C61A250F4F13CBE83FEC51EB99B786D48C811FA7D61F864D5A4F,REvil_Ransomware
503776F71E8115225407CA71510E2C011F309C26F2DCDF07CFDB161E0B2A3DF0,REvil_Ransomware
6D90727156FEC854968D06FF09806D24CA9C400025DD131892B0F49AF18EE8A2,REvil_Ransomware
0E01FD06548B15E58EF39C9005698D514583D284CB32BC9AF6ACF6D47084656F,REvil_Ransomware
AC73F1F7ECDB8C0665A67725290B70F95DCB9EB4EB8907B70C6705B11286E6C7,REvil_Ransomware
E3BA216849AACCE7B54BB3471EFFFBEC24973D785DC389A2005283778F5A852E,REvil_Ransomware
3785AB47343608F1EF6DEFE047A7B495F9B24538B6DAC2D1B87F8BCF2027624F,REvil_Ransomware
1F7B15F6CF07C5943CE8AB5BFD0700E4919808FCA4260FFD2A509100D45FADAF,REvil_Ransomware
D4E108E8C6FCC46B796A4F38C7734343AA4A84EB75277BEBC212383B69493E3C,REvil_Ransomware
90C9B6460C240177644D028458874167FEDF7CA459381DDE17D44446BB9BA501,REvil_Ransomware
0E0100BD21DC509FE5109F2640AEADD1E6DAF9A55F1C99869B2F572D9763FD0E,REvil_Ransomware
FDDDBBC09972A8DA879209F8B45796B4343FFD8C74AE8E56BFE78AEBC710777B,REvil_Ransomware
BAE6909ACFA25D07C5D588E7C883FEF503EA3000B20DB171D5E01DA07D122BB6,REvil_Ransomware
5FE8E804CC0E7D211019BF37DBB18E4A00AF24BE11CC9407FAC6D648C01716FB,REvil_Ransomware
8A9372F93DD50D79E7E0C3E1778CBE9F300AEC1100BE79BB113E3E03004D6A56,REvil_Ransomware
207B3353FA8BCB64966BA9F126E62753A00D22AC3702F2BDD34EC658D6D6144C,REvil_Ransomware
5DDE3386E0CE769BFD1880175168A71931D1FFB881B5050760C19F46A318EFC9,REvil_Ransomware
20684D3EDD9D61BBE0A84559C8E197A02A123E697BC8D05BD9305CF1D3984C15,REvil_Ransomware
C2A314B2A023FCED3808890F9141AAAA0F5F007EC8A1A8CF2538E9154C3C3F1B,REvil_Ransomware
B6A2162E86DBF9D501555377A6262BA63F5D1FF87D47A284BA3E8A9D7EF26CC9,REvil_Ransomware
E7DDB20095CD733EFC10FBA3FF1A8B3E83767CC900B5A976D4029456226612B0,REvil_Ransomware
8704B9BAEFE5060C0622B14A3930B8901A0CC5CE53F9395B1F2CC3EFD7D5BD69,REvil_Ransomware
06B323E0B626DC4F051596A39F52C46B35F88EA6F85A56DE0FD76EC73C7F3851,REvil_Ransomware
DBA1C0701EB0F80623DCACF56AB0803353567A5144FD4A1475C34B960244E24B,REvil_Ransomware
A2FBF151010D614AC772D2232E94FAF278F2AD9F650197987A0E2A4DF2CC892E,REvil_Ransomware
938248B6428D12E57D4BCAD2C36B369599B5EB7687F16C0998CA967D9C8E228C,REvil_Ransomware
C5B521000C1D318921B58F7B5DB3A067D28E6BADD304EA9085831AF8985B9FEC,REvil_Ransomware
14D09A259F72569F309FDD7BC14519753D01016706C7B9335A215B2D0B64C632,REvil_Ransomware
A0ECA3F1E6797EBB44ECE1478362781F5161E74314845571E91BA97E43571F7D,REvil_Ransomware
9A995D6A6A6764632E7DE12E48462B352C04D81D1CBF30920FFC55F9B0AD8794,REvil_Ransomware
BD5C600AE95F057A57C362CF36B9541DD2F2A43E9DC1272DC4EF4B18F81098DC,REvil_Ransomware
4748E9729F2E0B1BB151950CDAA75D51AD74612A1C12FF124A492A9A67C2F49B,REvil_Ransomware
E20625C960A91EC091691275BB549B73C154BD4F8FA4305ED414A28E321E4AAF,REvil_Ransomware
58CFFA69E8B4F26209DA073A6B8CBB6EDE9B2A3F7646D08C91B11DF729A6B9AA,REvil_Ransomware
D4E89180E559721E6BCD9C03549D540282C3774BDD6AE61A61D57A23C10FC299,REvil_Ransomware
1F8D6E238AE30E34EB3CBEEB0A2A147DA82A9FEAA59CEFD41AA914CB2EBBEDEB,REvil_Ransomware
85D76BE0E7A1F112D8B7E221F5F95CF6A665338F96CEAEA1FE495C7903AB4A61,REvil_Ransomware
4B753DC49F7E4530EF772D6B89775EF5D8ACDAF67822ED6F9B7169D5C1DB52BD,REvil_Ransomware
87883AC1EF972338D4E632F4BCA5AD222F21D95F77DFECACE09F30FEBA37D173,REvil_Ransomware
5CC16295598BDC30829A906F3187A60D3C52E7A939ECD2B4DBB4E810EBC281F5,REvil_Ransomware
429B96B0C9A715D0D7735ED12CEC95B5183CD398F7291546478CB7AC12451DF6,REvil_Ransomware
03647DB3CCD6BC987372F03BB2AC46498E1E5E9FC984D95640D0DD0BD85407F0,REvil_Ransomware
A27A783E16FDA91874B4885FD874C0018B82DEC16061D15D8C701B61541D9D86,REvil_Ransomware
BACE25C1EC587D099B4C566B1A07978DD9CB3BD67C2ACAA55D2E4644A7877070,REvil_Ransomware
17FFD90D20CBD49C4E0D65A484EEAE65A107D5BAD9582AFC51C4EAD8BBC147E1,REvil_Ransomware
356F917C96AE1460BD5E127F8917B23D7525352473BF91AE996C68B16C9F6A46,REvil_Ransomware
866FC51E7EFCA3A941371913BC2E81F7B2F80ED616D90EE84D373C6762EEB83C,REvil_Ransomware
509C851E9914E818E1B925C9B60126B40B66B0B57FC3C7A3ECC46D28DCFF5527,REvil_Ransomware
BBCA6188AAC86332E90673E663F91F3097A63153835B4F9D058E90BAF075012A,REvil_Ransomware
35D5091E47160F6AEAF382AA063E9B4B8FF75B0D724A965C4DFCCB00DD43CD0C,REvil_Ransomware
FF5F31CE1A6CBFA4CACD4A459DFD1EFEC6CA58DBCAE1128D9390B9178319EF6B,REvil_Ransomware
4C1B8B3BD83E588C701568AA9469FF3A1E9725C1B838EFDF8683A1EDAFAEFE45,REvil_Ransomware
8B100AB70A13A925DB6DE213DB99B34EDCB93075F3841B7922C8CB4F1B251637,REvil_Ransomware
A745A3B616DDF97DB324F2344BDCC573B121CD7B8010E251C7314B6B6D00A422,REvil_Ransomware
737B2F19AEDB3CE2CF0E79C3A9E539F8E286E8662F076C88208490B407E5094B,REvil_Ransomware
0CA73EF4F3610B37B5418D8406D8F5187C187AE97F8967F1C6AF3479B5EB0144,REvil_Ransomware
13857B32BE96E622E1416DAB5BAC7A65042F5CC5AB8B094DDC7421838D2F2ADB,REvil_Ransomware
B729901E9BE78378CBFC319B6E770CA686118A49C34A14C28F9E9FA0BD2FDA2E,REvil_Ransomware
E630185053EE119AC973AA341C74FB1A9006B7F1A58E9F4C47EFB1DA9DD7BC0C,REvil_Ransomware
B265DF7EE49434370A6B5AAC42F384017966FFD58C588B43F382D2499FBEDAF8,REvil_Ransomware
FFAE85401D87052EF22AAABF8E941C5F9096056E0B586F0B463CC6B0254463EA,REvil_Ransomware
8C7E451F9D41AB36361AD516AF1AFC7ED985B7595FA77B6606775CB4686F9D1F,REvil_Ransomware
34DFFDB04CA07B014CDAEE857690F86E490050335291CCC84C94994FA91E0160,REvil_Ransomware
7D1AF94061F9BBEA1B811992C5C44CA26449586E6587B077E8E05B8888A9A597,REvil_Ransomware
C6D72DBC8C2CA62471A786A4A00E771D8683A7C7429D2C67F059315CD6AD443D,REvil_Ransomware
413AF58B42EAA50E4B3F033096DAE75158376532F6C86A85C8362EE9F8B257C4,REvil_Ransomware
7E959A5F638FA02C0C29D21E3076C987A5A9E1AAA6024C3A47167F1398387F44,REvil_Ransomware
AC3E29E3C35138E857BFFBC8CF5F8414B71C5694E7E13ABE59620D2BDE408887,REvil_Ransomware
5C959580ADF1FBDFEA872ECE4D29EE6A8319A88273A9923988EF8BE4197833BD,REvil_Ransomware
A8928D557ECCDE515B1ACD7E326D073684690D4BD7538B6842F0F4C48120D984,REvil_Ransomware
B5046CA47A7BB9D4FC4938A0577946B4B19E6D9C877DECC1AD2F381630817AB3,REvil_Ransomware
9539C6B525E9EA6F0D84979A7285CDBA416BBC134C0D6985FDF5D86607B30383,REvil_Ransomware
0FA207940EA53E2B54A2B769D8AB033A6B2C5E08C78BF4D7DADE79849960B54D,REvil_Ransomware
139A7D6656FEEBE539B2CB94B0729602F6218F54FB5B7531B58CFE040F180548,REvil_Ransomware
E5A9E0E9EAA33CE2AC37AF1894986B5378267BD98148F2FDB762EF627DDED3F5,REvil_Ransomware
A3357F13AEFEE0A14FFA3CCABC8C93B06B9EF15E43E63D615429CC83B5ACE0A2,REvil_Ransomware
DEF9C2F5D19A2DF26DBC35F9EB65E1A5335DEF0FA61BF98A5AC7273A85BA1840,REvil_Ransomware
794DA0CA9DD97421AFD80B3F9AAF6E25DCB969ADC296825A439FEAC58A77025A,REvil_Ransomware
11BFA9BC7563E823048440233143C0D56894DEE97D4DE9D3218E4F98A4B05C86,REvil_Ransomware
D2EF14D7CC28231BD5B725AC5AEA9527D6D75D2934F079219055C89AB39E6A4E,REvil_Ransomware
A8D1D6CF7E591719401DF17979782244D70DBF59823C889F5329E1F2BCFCA1E1,REvil_Ransomware
249D050053A585687F5793041F2C23104162423679FE3D7A2A01C33DD6A12005,REvil_Ransomware
61418B76B620E4A1F755C4E8F3A46EEB7E01AF43D9D37D46ADA820724354D2F9,REvil_Ransomware
2EA781140F7E86C63B636249B5FDBA9828661BDD846FD95C195C5B986B84A507,REvil_Ransomware
E365D12E94CD7AA64C743C320217BC12D0ADDCA724F102DA495828EFA80D7EF7,REvil_Ransomware
BF4079E3F3DE0C27DC621DA957F15B866F2211C1CAB60D99D43420D3E4623E0D,REvil_Ransomware
DE0B6C17C7C921FC515BBDB7ED2FDC1F1069860CFE2B611C105201A916D0E87D,REvil_Ransomware
c70413851599bbcd9df3ce34cc356b66d10a5cbb2da97b488c1b68894c60ea69,Bumblebee_2nd
14f04302df7fa49d138c876705303d6991083fd84c59e8a618d6933d50905c61,Bumblebee_2nd
76e4742d9e7f4fd3a74a98c006dfdce23c2f9434e48809d62772acff169c3549,Bumblebee_2nd
024f8b16ee749c7bb0d76500ab22aa1418cd8256fb12dcbf18ab248acf45947e,Bumblebee_2nd
2691858396d4993749fec76ac34cf3cc3658ee3d4eaf9c748e2782cfc994849d,Bumblebee_2nd
6bc2ab410376c1587717b2293f2f3ce47cb341f4c527a729da28ce00adaaa8db,Bumblebee_2nd
083a4678c635f5d14ac5b6d15675d2b39f947bb9253be34d0ab0db18d3140f96,Bumblebee_2nd
21df56d1d4b0a6a54bae3aba7fe15d307bac0e3391625cef9b05dd749cf78c0c,Bumblebee_2nd
31005979dc726ed1ebfe05558f00c841912ca950dccdcdf73fd2ffbae1f2b97f,Bumblebee_2nd
2d67a6e6e7f95d3649d4740419f596981a149b500503cbc3fcbeb11684e55218,Bumblebee_2nd
3c0f67f71e427b24dc77b3dee60b08bfb19012634465115e1a2e7ee5bef16015,Bumblebee_2nd
ca9da17b4b24bb5b24cc4274cc7040525092dffdaa5922f4a381e5e21ebf33aa,Bumblebee_2nd
82aab01a3776e83695437f63dacda88a7e382af65af4af1306b5dbddbf34f9eb,Bumblebee_2nd
a5bcb48c0d29fbe956236107b074e66ffc61900bc5abfb127087bb1f4928615c,Bumblebee_2nd
07f277c527d707c6138aae2742939e8edc9f700e68c4f50fd3d17fe799641ea8,Bumblebee_2nd
68ac44d1a9d77c25a97d2c443435459d757136f0d447bfe79027f7ef23a89fce,Bumblebee_2nd
13c573cad2740d61e676440657b09033a5bec1e96aa1f404eed62ba819858d78,Bumblebee_2nd
7024ec02c9670d02462764dcf99b9a66b29907eae5462edb7ae974fe2efeebad,Bumblebee_2nd
ee27cceac88199bf3546e8b187d77509519d6782a0e114fc9cfc11faa2d33cd1,Bumblebee_2nd
b2c28cdc4468f65e6fe2f5ef3691fa682057ed51c4347ad6b9672a9e19b5565e,Bumblebee_2nd
2d8b6275dee02ea4ed218ba2673b834e,Lockbit
97c07d03556ddcfc8ebfa462df546eb5,Lockbit
45dfdde3df07b6ccc23b7ae6e3dc1212,Lockbit
77c5fb080bf77f099c5b5f268dcf4435,Lockbit
738bee5280d512a238c3bb48c3278f63,Lockbit
7b74e4fb9a95f41d5d9b4a71a5fe40b9,Lockbit
DB37A5C00A956BB8D6CC18974992A2DC,Opera1er
5501196C0134A5A9EAC0DFE250ACD055,Opera1er
EEBAEF66A9D009BA52F40EB7B66C06F8,Opera1er
F2060EF4F0E02BB9F96F4F0AC295C03F,Opera1er
690D63A3DD05649F330DF67B072DF337,Opera1er
A69F9A26F8CF8ABDDC0E105328198766,Opera1er
DC1E1506C0C03663233911F4D0A22C70,Opera1er
7E2801B8D44EB6BECE5B3B5467242111,Opera1er
5D9D7DE37E423D33AEC86617A750662D,Opera1er
9D61B753E7073A70FB6F4B577C9270F0,Opera1er
0F304BD73274A6FD4A5B05EB5F0657F7,Opera1er
FD4F43AF4B47683256B31E74D5BDFB9C,Opera1er
52616E216F614CE92EA9512D49D039C4,Opera1er
3D79E91B1382280535596CE7EAA5E29B,Opera1er
FBEC4459FBF7018DB2A0148406D8196F,Opera1er
2D03E001D92C099A002692C1669432B6,Opera1er
A9AB4F14D339EB15D8209B13A51CE989,Opera1er
C872AF5D1182E865DC72E23FED938B5C,Opera1er
D1DCF91EE3D482623365BF5976E19DC1,Opera1er
64E61EC18AB4336798F667C4465A7B58,Opera1er
DBD7A7CC06CA8E4C5CCC5FB901271D80,Opera1er
2806B0BFD215648EDB1BB3EF32855A99,Opera1er
BCC73790F7B2D37704976CD78095A9E9,Opera1er
330CF14B15F441462554917D66F4C4CF,Opera1er
AF67701A6387834D2195282719EF6636,Opera1er
0258F4F0319FA77B10978DD92EDF87C1,Opera1er
2C5DCD5C42ECE2A91E53914F10B10270,Opera1er
BB592A79FD934E30DF6832B67B918923,Opera1er
A963112260DAF1FCF30F394A21E123E1,Opera1er
E2B0D44BE0970B740AFC27FF82BB29BF,Opera1er
13E7C5AD329A3E3C0568D27CC2242AF6,Opera1er
0CA97BF824C3BF16818F9830C0BA83A5,Opera1er
9D5696758C45CCEB3405A62AF931C11D,Opera1er
D1B2D809ADDB30C85C8344336F3BC6FF,Opera1er
C2A287FAE215FA3C4AE4ACCF5186D014,Opera1er
3CBE2C4D95D10A0D5F1D33DB3E752DF0,Opera1er
63417EC71D3C7670C2306AFC4164B0DE,Opera1er
7803E73EA96BE23F3499B4AF3E100161,Opera1er
4B78DF00AA863BC8B581B33289031500,Opera1er
809F42059DA3058A1E62FA7BA56CE66B,Opera1er
B1DE80DC4A1D8122909F53A101802449,Opera1er
37502ECC7F8575055873F92719E1C7B6,Opera1er
5ECC4AD7475CAEF78F0E035AA277B51E,Opera1er
22FE5107805F9C5F1CE8051C9796DF18,Opera1er
BA6D2148ECFF70E2134953DF18210C15,Opera1er
3B6C29C8FF1EA1649DA4863B6E543E04,Opera1er
044E0BB14076E83BCD38C537FF328F73,Opera1er
472873942F0E7750CED3BC42C0B469F7,Opera1er
5AA2BC6132915F9DDD56B7FD17F992E6,Opera1er
009BCDB4CB4784DF7E366921C523DB16,Opera1er
306447863F89C6962FC5C16517C8FB9C,Opera1er
70BC161F01937E17BAE835B4DF2C84B6,Opera1er
B9943A25CAED8E251A9580EBB6148137,Opera1er
47777CB7A44E587E1C39EB4B7AEC6AC4,Opera1er
DDA5A9D262181339921C04902BD77173,Opera1er
F58CCFAE8B60F37E8D612532395170DE,Opera1er
58961C3EA961F0DE2177B352D51E047D,Opera1er
E8848F591F9CD537E1FEB84A54FE18FF,Opera1er
DF88175FB96CAD1CA9605DB2352AE063,Opera1er
8416149A694A4AD8B54AE06579F56908,Opera1er
49AD6020376CABA051B4D6A6578EFC1C,Opera1er
C1523055A02B61E0F4BA87547B29EC0C,Opera1er
13C07511FF89F1567A8F39A5215BC884,Opera1er
093BA856381C9E17E29A5FC2AADFA9F9,Opera1er
34499495A77A34CE3A58899089F97062,Opera1er
F7B0CF59A52E2C03A38BD6D04AAB47FC,Opera1er
670A05010BA9C97E7451E1D7896801AE,Opera1er
3C1E90E8B5D180FF0F5455DD92BDB412,Opera1er
3A60017847CF09F334FD8A2D0B001543,Opera1er
7DDEE4EC4650BF7836478CA8F286AC10,Opera1er
478D8E6A7766702A584073C295C0EADC,Opera1er
9425024FE2B94A9C7CDF8EA60A1FBDB7,Opera1er
F7E6E117024B8936CF0F3BA1AC303A3B,Opera1er
9C38991C3770B0C2917659BDB7091ED9,Opera1er
DC33C287FFA253BC5AF591E7F40877DA,Opera1er
8061BA44EBC7CC1ADB5DC61C903F541F,Opera1er
ED5D15C55EE5CC0EBA0AA8C4F42B45D9,Opera1er
8A3214F0631C3AFE3B3FA269FF887318,Opera1er
F7533A09F0BC3B7E9317C65050F987D2,Opera1er
2D17EB61660C1E4390FE88C9DDEFC6C7,Opera1er
CE83775B68686C01D1C45FE47D8E5325,Opera1er
6A1BF6F6BC7D86FA77DB57132EF65EE6,Opera1er
AAE20B78C9BCBA19E95FC56A630228A0,Opera1er
446A6E8C3876959BA1695899FE3584A7,Opera1er
043956A214B56A2EFD323EC305A813F2,Opera1er
D440DD5375FD1DC90858CC4D2415B5F9,Opera1er
834D61AA653F8503AA36FFFC9774B2B6,Opera1er
BACE201A0F9BC25DDA6B288E22023F61,Opera1er
2B83D157F134A0388D6B48A4FBB85BD0,Opera1er
72902EC0DF95A7DCFB3B66F9B02EF7F3,Opera1er
F1BEF120CB72066000E67171ED5193A7,Opera1er
2178D1EFAD5F2A1F7400E0D6D0A263F8,Opera1er
63649943C1FFB9D650D73BC375B6F224,Opera1er
F61A31DE0F8478B9B4332AE321B03C1B,Opera1er
24AA5D597961BC1D902C5462052A1250,Opera1er
A0873962BCA482A7D14DAFBEAF5346CB,Opera1er
63C7F3E2EB52298BDB9641B8AC319882,Opera1er
10260F016285A196E245493A0E50681A,Opera1er
7584FA7DED7AED3B38635274719B7966,Opera1er
80C0CD9971C1D458C40A10FFC54EC35D,Opera1er
6414928547EF254886331378CFB97BE1,Opera1er
2E5AF496FACE122157E459E84E5FE14B,Opera1er
BB431F144AE22C06662FCB0D64DD6B7D,Opera1er
FB6C7EB4F64F699511380721E9C8CABB,Opera1er
21BF477DBC9EACA77E0D7E77856BDDD7,Opera1er
67F6CEA5CE043F1E4872C357D2752379,Opera1er
1305F4FE0F5032C82E3DD5CA4ECAE235,Opera1er
7EFE472BE826BF387545117B3E463FED,Opera1er
9768250C8AD2861DD46C1A2D5F9B0AC3,Opera1er
D6A3F830A51EC64ACAAB361E056F5E0D,Opera1er
CEBBD06D6DBF99AB1EB868310F642027,Opera1er
8BED50E5BB8AAEE9C8AF1EE14623547E,Opera1er
C9194A86915EB04B8293183DADA19E79,Opera1er
368653E74934B6D649C8D08D66341177,Opera1er
6D56AB884F43028BB642F76ACF286DE1,Opera1er
7444684C7152C6089E68305C36F585E3,Opera1er
8CD17229113B8F57D7DB6B2719F93F4D,Opera1er
E89790F614197291933982E26F9214CA,Opera1er
0A11428C5F4CB64BEA4905576D30044D,Opera1er
F24A401DC5974E995A2CF98F03A42E17,Opera1er
72F82D3FA5FFA8A82A5AC1176363DFEF,Opera1er
FDFE13661DD743D884E5B92775C89102,Opera1er
351CBC60E73886519A8E1232ADF80F28,Opera1er
97BFDA8CEDE4BAEC095F0F24B4C47A56,Opera1er
BED4F32F0D6F97FEEE6C03F287E1832C,Opera1er
4F27B4322117484847C7021A5325814D,Opera1er
B6C707729AC8E7FE2F6D358B5DD2736C,Opera1er
75E55496A2C4D240805291780478CB45,Opera1er
905DE14F4C515E82BF4603FA7C3DAE4E,Opera1er
18126BE163EB7DF2194BB902C359BA8E,Opera1er
6D93C6535945E0CAADB6EBEE9B2B5E17,Opera1er
6CCDC868A729510A1C2F3CE447E1DE05,Opera1er
BA9A525CEE898C867B2587A492167877,Opera1er
D532DD9036497A0ED71ACE5EC1B45FB8,Opera1er
808502752CA0492ACA995E9B620D507B,Opera1er
4FACB81F57E515A508040270849BCD35,Opera1er
2E2DDFD6D3A10D5DD51F8CBDEAEB4B75,Opera1er
9321C107D1F7E336CDA550A2BF049108,Opera1er
4B27C3D57FE01A2A5B2001854507E0E2,Opera1er
A1D02F0906E7CAC845C1979B3E0C783A,Opera1er
A919AFFC3CA6AE4F534D6ACB2F31A5FA,Opera1er
69C2AF6FFFD6537590C7BDBA36B5823B,Opera1er
017BA3CB35528108F6C4E05DB99F3572,Opera1er
52E666A32D0847B416B66AD9AA98BBED,Opera1er
BECEAE2FDC4F7729A93E94AC2CCD78CC,Opera1er
96D38BC4A675AB2505806D9EA4DF6BEA,Opera1er
CE5AC0502FF412BE598914C12BABFB03,Opera1er
EEB12AA59E79027FA2BAFD0C6E244F9E,Opera1er
27304B246C7D5B4E149124D5F93C5B01,Opera1er
98D1C565E5B6484E937EFED5E777263D,Opera1er
CFBAC2BE66EBFE0A9324D188199C0DE2,Opera1er
588AFC20615B110B8BC0365397C3DBBF,Opera1er
12eaac1b8dc29ba29287e7e30c893017f82c6fadb73dbc8ef2fa6f5bd5d9d84e,Cranefly
981b28d7521c5b02f026cb1ba5289d61ae2c1bb31e8b256db21b5dcfb8837475,Cranefly
6dcfa79948cf90b10b05b59237cf46adb09b2ce53bc2c0d38fce875eccd3a7e1,Cranefly
0af8bf1fa14fe492de1cc870ac0e01fc8b2f6411de922712a206b905a10ee379,Cranefly
7d5018d823939a181a84e7449d1c50ac3eb94abf3585a2154693ef5180877b95,Cranefly
b5a4804cf7717fda1f01f23c1c2fe99fe9473b03f0247bcc6190f17d26856844,Cranefly
1975bea7ca167d84003b601f0dfb95c4b31a174ce5af0b19e563cb33cba22ffa,Cranefly
56243c851b13218d3031ca7e5af8f2b891e139cbd6d7e3f40508e857802a1077,Cranefly
0b8d024ec29619ff499e4b5024ff14451731a4e3155636a02ef5db2df0e0f0dd,Cranefly
0b168638224589937768eb15c9ebbe795d6539d1fbe744a8f065fedd569bfc5e,Cranefly
3fb160e1770fafeedff2d77841bf02108c25cca4cb6d77e3fbf759077f356b70,Exbyte
0097b8722c8c0840e8c1a4dd579438344b3e6b4d630d17b0bbe9c55159f43142,Exbyte
aeb1b789395357e8cc8dbd313b95f624fc03e037984040cd7c1704775bfb4bd2,Exbyte
477382529659c3452020170d8150820210ab8cbdc6417a0f0ac86a793cd0d9b4,Exbyte
1df11bc19aa52b623bdf15380e3fded56d8eb6fb7b53a2240779864b1a6474ad,Exbyte
44a5e78fce5455579123af23665262b10165ac710a9f7538b764af76d7771550,Exbyte
eb24370166021f9243fd98c0be7b22ab8cbc22147c15ecef8e75746eb484bb1a,Exbyte
f361bafcc00b1423d24a7ea205264f5a0b96011e4928d9a91c2abc9911b433a1,Exbyte
20848d28414d4811b63b9645adb549eed0afbd6415d08b75b0a93fbf7cfbf21f,Exbyte
754ac79aca0cc1bcf46000ef6c4cbe8bebeb50dae60823a1e844647ac16b6867,Exbyte
f157090fd3ccd4220298c06ce8734361b724d80459592b10ac632acc624f455e,Exbyte
794a5621fda2106fcb94cbd91b6ab9567fb8383caa7f62febafcf701175f2b91,Exbyte
572d88c419c6ae75aeb784ceab327d040cb589903d6285bbffa77338111af14b,Exbyte
efc2125e628b116eb0c097c699e473a47a280dfcd3e02cada41bdf6969600b41,Exbyte
4877ff7c3c2abd349646db1163814811e69b36374e289f5808cc794113ef55ae,Exbyte
0cf9d29f7a3f7e6ea3d74d6e65f3416c,emotet_november
18252d898a785e916760be3e63c29a78,emotet_november
54898761b90fea362c23ab2ec0c1abe1,emotet_november
19df7d630e69095eb43eb9d772ab3745,emotet_november
28c58c2305d98cd092767753abc0967c,emotet_november
ca54ba36f7a81fa675bb5e19795ac529,emotet_november
1fdc9eb8a936bbd4f1b152eddd027c64,emotet_november
a055edeb4530061dc14f5a823ed0212d,emotet_november
c6d419e01534f0f45c80399a49e083dc,emotet_november
d9d9ab3c5187fab291fc3ce43178465f,emotet_november
f7af8e63a11d35868bee7435a13a9f2a,emotet_november
2486374800299563ab8934122234242a,emotet_november
2991ae8508f2b690115387959141367b,emotet_november
330f15acf5bb35ed83fb9b1962ffdee6,emotet_november
45e0316ffdeec44fbf5c174d2784e1df,emotet_november
7f67c9987876357f5970e3563b6c60e6,emotet_november
67d1f4077e929385cfd869bf279892bf10a2c8f0af4119e4bc15a2add9461fec,BlackCat
0a609fa2db910615b2c1ad235ca46562ff4034800c44802a63a28826669a7eee,BlackCat
cda37b13d1fdee1b4262b5a6146a35d8fc88fa572e55437a47a950037cc65d40,BlackCat
bacedbb23254934b736a9daf6de52620c9250a49686d519ceaf0a8d25da0a97f,BlackCat